Workbook

Sheet Structural
A1: DT | B1: High Arch Severity | C1: Nose Cone Severity | D1: Inside Web Plates Severity | E1: Hoist Plates Severity | F1: Top & Bottom flange Severity | G1: HTM Severity | H1: Crack Length Criteria | I1: Weighted criteria | J1: Total Lenghts cracks (mm) | K1: Accum front brake | L1: Accum rear brake | M1: Accum steer right | N1: Accum steer left | O1: Alternator | P1: Operator Cab | Q1: Frame | R1: Hoist cylinder right | S1: Hoist cylinder left | T1: Steer cylinder right | U1: Steer cylinder left | V1: Final Drive right | W1: Final Drive left | X1: Engine | Y1: Eletrical motor right | Z1: Eletrical motor left | AA1: Spindle right | AB1: Spindle left | AC1: Front strut right | AD1: Rear strtus right | AE1: Front strut left | AF1: Rear strut right | AG1: Body | AH1: Kits 1 A/C System | AI1: Kit 2 Lube system | AJ1: Kit 3 Hydraulic filters & seal kits | AK1: Kit 4 Operator Cab Monuting | AL1: Kit 5 Drive system | AM1: Kit 6 Drive system elfa fan blower | AN1: Kit 7 Drive system braking resistor | AO1: Kit 8 Body Mounting & Pads | AP1: Kit 9 Accum steer & Brake | AQ1: Kit 10 Brake Valve & Cooler mounting | AR1: Kit 11 Front axle & MTG | AS1: Kit 12 Frame Bottom plate optimized | AT1: Kit 13 Frame upper plate optimized | AU1: Kit 14 Frame left side optimized | AV1: Kit 15 Frame right side optimized | AW1: Kit 16 Hoist plate reinforment optmized | AX1: Kit 17 Filtration drive system optmized | AY1: Kit 18 Engine & Hardware | AZ1: Kit 19 Mirror bracket support | BA1: Kit 20 Fuel tank Bracket support | BB1: Kit 21 Communication kit | BC1: Accum front brake | BD1: Accum rear brake | BE1: Accum steer right | BF1: Accum steer left | BG1: Alternator | BH1: Operator Cab | BI1: Hoist cylinder right | BJ1: Hoist cylinder left | BK1: Steer cylinder right | BL1: Steer cylinder left | BM1: Final Drive right | BN1: Final Drive left | BO1: Engine | BP1: Eletrical motor right | BQ1: Eletrical motor left | BR1: Front strut right | BS1: Rear strtus right | BT1: Front strut left | BU1: Rear strut left | BV1: Body reapirs | BW1: Hours | BX1: Labour CHM per Kit | BY1: Backlog total Labour | BZ1: Total Labour | CA1: Total cost per kit | CB1: Cost per Components | CC1: Total cost Labour Components | CD1: Total cost parts components | CE1: Total cost Chome & Mechanized | CF1: Total cost per truck
A2: 823 | B2: 1 | C2: 1 | D2: 1 | E2: 1 | F2: 1 | G2: 0.5 | H2: 0 | I2: 0 | J2: 0 | K2: 0.80901417 | L2: 1.0757492 | M2: 0.70318389 | N2: 0.70318389 | O2: 0.18529524 | P2: 0.43029967 | Q2: 1.0948793 | R2: 0.02926875 | S2: 0.54873625 | T2: 0.438989 | U2: 0.513539 | V2: 0.085544444 | W2: 0.27092111 | X2: 0.18529524 | Y2: 0.32799333 | Z2: 0.36909333 | AA2: 1.0948793 | AB2: 1.0948793 | AC2: 0.014685 | AD2: 0.1779 | AE2: 0.16244 | AF2: 0.072392857 | AG2: 0.54187183 | AH2: 1 | AI2: 1 | AJ2: 1 | AK2: 1 | AL2: 1 | AM2: 1 | AN2: 5 | AO2: 1 | AP2: 1 | AQ2: 1 | AR2: 1 | AS2: 1 | AT2: 1 | AU2: 1 | AV2: 1 | AW2: 1 | AX2: 1 | AY2: 1 | AZ2: 1 | BA2: 1 | BB2: 1 | BC2: =IF('Rules & Rate'!$B$2<=K2,1,0) -> 1 | BD2: =IF('Rules & Rate'!$B$2<=L2,1,0) -> 1 | BE2: =IF('Rules & Rate'!$B$2<=M2,1,0) -> 1 | BF2: =IF('Rules & Rate'!$B$2<=N2,1,0) -> 1 | BG2: =IF('Rules & Rate'!$B$3<=O2,1,0) -> 0 | BH2: =IF('Rules & Rate'!$B$3<=P2,1,0) -> 0 | BI2: =IF('Rules & Rate'!$B$2<=R2,1,0) -> 0 | BJ2: =IF('Rules & Rate'!$B$2<=S2,1,0) -> 1 | BK2: =IF('Rules & Rate'!$B$2<=T2,1,0) -> 1 | BL2: =IF('Rules & Rate'!$B$2<=U2,1,0) -> 1 | BM2: =IF('Rules & Rate'!$B$4<=V2,1,0) -> 0 | BN2: =IF('Rules & Rate'!$B$4<=W2,1,0) -> 0 | BO2: =IF('Rules & Rate'!$B$5<=X2,1,0) -> 0 | BP2: =IF('Rules & Rate'!$B$3<=Y2,1,0) -> 0 | BQ2: =IF('Rules & Rate'!$B$3<=Z2,1,0) -> 0 | BR2: =IF('Rules & Rate'!$B$2<=AC2,1,0) -> 0 | BS2: =IF('Rules & Rate'!$B$2<=AD2,1,0) -> 0 | BT2: =IF('Rules & Rate'!$B$2<=AE2,1,0) -> 0 | BU2: =IF('Rules & Rate'!$B$2<=AF2,1,0) -> 0 | BV2: =IF('Rules & Rate'!$B$6<=AG2,1,0) -> 0 | BW2: 65692.76 | BX2: =SUMPRODUCT(AH2:BA2,Labour!$B$2:$U$2) -> 400 | BY2: 130 | BZ2: =+BX2+BY2 -> 530 | CA2: =SUMPRODUCT(AH2:BA2,Labour!$B$3:$U$3) -> 424675.84 | CB2: =SUMPRODUCT(BC2:BV2,'Component $'!$B$10:$U$10) -> 59747.608 | CC2: =SUMPRODUCT(BC2:BV2,'Component $'!$B$9:$U$9) -> 7877.808 | CD2: =SUMPRODUCT(BC2:BV2,'Component $'!$B$6:$U$6) -> 6280.8 | CE2: =SUMPRODUCT(BC2:BV2,'Component $'!$B$8:$U$8) -> 45589 | CF2: =+CA2+CB2 -> 484423.45
A3: 824 | B3: 2 | C3: 1 | D3: 1 | E3: 2 | F3: 2 | G3: 0.8 | H3: 0.55620155 | I3: 0.44496124 | J3: 2870 | K3: 1.6743508 | L3: 1.6743508 | M3: 0.37944806 | N3: 0.77956167 | O3: 0.20693333 | P3: 0.45588233 | Q3: 1.1138715 | R3: 0.41377125 | S3: 0.34818375 | T3: 1.4986035 | U3: 0.388802 | V3: 0.24288889 | W3: 0.24288889 | X3: 0.20693333 | Y3: 0.24288889 | Z3: 0.24288889 | AA3: 0.70542767 | AB3: 1.1138715 | AC3: 0.267927 | AD3: 0.098985714 | AF3: 0.31228571 | AG3: 0.6163825 | AH3: 1 | AI3: 1 | AJ3: 1 | AK3: 1 | AL3: 1 | AM3: 1 | AN3: 2 | AO3: 1 | AP3: 1 | AQ3: 1 | AR3: 1 | AS3: 1 | AT3: 1 | AU3: 1 | AV3: 1 | AW3: 1 | AX3: 1 | AY3: 1 | AZ3: 1 | BA3: 1 | BB3: 1 | BC3: =IF('Rules & Rate'!$B$2<=K3,1,0) -> 1 | BD3: =IF('Rules & Rate'!$B$2<=L3,1,0) -> 1 | BE3: =IF('Rules & Rate'!$B$2<=M3,1,0) -> 1 | BF3: =IF('Rules & Rate'!$B$2<=N3,1,0) -> 1 | BG3: =IF('Rules & Rate'!$B$3<=O3,1,0) -> 0 | BH3: =IF('Rules & Rate'!$B$3<=P3,1,0) -> 0 | BI3: =IF('Rules & Rate'!$B$2<=R3,1,0) -> 1 | BJ3: =IF('Rules & Rate'!$B$2<=S3,1,0) -> 1 | BK3: =IF('Rules & Rate'!$B$2<=T3,1,0) -> 1 | BL3: =IF('Rules & Rate'!$B$2<=U3,1,0) -> 1 | BM3: =IF('Rules & Rate'!$B$4<=V3,1,0) -> 0 | BN3: =IF('Rules & Rate'!$B$4<=W3,1,0) -> 0 | BO3: =IF('Rules & Rate'!$B$5<=X3,1,0) -> 0 | BP3: =IF('Rules & Rate'!$B$3<=Y3,1,0) -> 0 | BQ3: =IF('Rules & Rate'!$B$3<=Z3,1,0) -> 0 | BR3: =IF('Rules & Rate'!$B$2<=AC3,1,0) -> 0 | BS3: =IF('Rules & Rate'!$B$2<=AD3,1,0) -> 0 | BT3: =IF('Rules & Rate'!$B$2<=AE3,1,0) -> 0 | BU3: =IF('Rules & Rate'!$B$2<=AF3,1,0) -> 1 | BV3: =IF('Rules & Rate'!$B$6<=AG3,1,0) -> 0 | BW3: 66758.39 | BX3: =SUMPRODUCT(AH3:BA3,Labour!$B$2:$U$2) -> 382 | BY3: 122 | BZ3: =+BX3+BY3 -> 504 | CA3: =SUMPRODUCT(AH3:BA3,Labour!$B$3:$U$3) -> 348210.91 | CB3: =SUMPRODUCT(BC3:BV3,'Component $'!$B$10:$U$10) -> 101921.35 | CC3: =SUMPRODUCT(BC3:BV3,'Component $'!$B$9:$U$9) -> 13538.552 | CD3: =SUMPRODUCT(BC3:BV3,'Component $'!$B$6:$U$6) -> 15180.8 | CE3: =SUMPRODUCT(BC3:BV3,'Component $'!$B$8:$U$8) -> 73202 | CF3: =+CA3+CB3 -> 450132.26
A4: 825 | B4: 1 | C4: 1 | D4: 1 | E4: 1 | F4: 2 | G4: 0.6 | H4: 0.16085271 | I4: 0.096511628 | J4: 830 | K4: 1.19014 | L4: 1.19014 | M4: 0.75815528 | N4: 0.52483111 | O4: 0.47836476 | P4: 0.4761075 | Q4: 1.0866835 | R4: 0.56326 | S4: 0.26088125 | T4: 0.03827 | U4: 0.8181195 | V4: 0.42776444 | W4: 0.12475556 | X4: 0.47836476 | Y4: 0.80798556 | Z4: 0.12475556 | AA4: 1.0866835 | AB4: 1.0866835 | AC4: 0.208705 | AD4: 0.054671429 | AE4: 0.208705 | AF4: 0.19595 | AG4: 0.65410483 | AH4: 1 | AI4: 1 | AJ4: 1 | AK4: 1 | AL4: 1 | AM4: 1 | AN4: 4 | AO4: 1 | AP4: 1 | AQ4: 1 | AR4: 1 | AS4: 1 | AT4: 1 | AU4: 1 | AV4: 1 | AW4: 1 | AX4: 1 | AY4: 1 | AZ4: 1 | BA4: 1 | BB4: 1 | BC4: =IF('Rules & Rate'!$B$2<=K4,1,0) -> 1 | BD4: =IF('Rules & Rate'!$B$2<=L4,1,0) -> 1 | BE4: =IF('Rules & Rate'!$B$2<=M4,1,0) -> 1 | BF4: =IF('Rules & Rate'!$B$2<=N4,1,0) -> 1 | BG4: =IF('Rules & Rate'!$B$3<=O4,1,0) -> 0 | BH4: =IF('Rules & Rate'!$B$3<=P4,1,0) -> 0 | BI4: =IF('Rules & Rate'!$B$2<=R4,1,0) -> 1 | BJ4: =IF('Rules & Rate'!$B$2<=S4,1,0) -> 0 | BK4: =IF('Rules & Rate'!$B$2<=T4,1,0) -> 0 | BL4: =IF('Rules & Rate'!$B$2<=U4,1,0) -> 1 | BM4: =IF('Rules & Rate'!$B$4<=V4,1,0) -> 0 | BN4: =IF('Rules & Rate'!$B$4<=W4,1,0) -> 0 | BO4: =IF('Rules & Rate'!$B$5<=X4,1,0) -> 0 | BP4: =IF('Rules & Rate'!$B$3<=Y4,1,0) -> 1 | BQ4: =IF('Rules & Rate'!$B$3<=Z4,1,0) -> 0 | BR4: =IF('Rules & Rate'!$B$2<=AC4,1,0) -> 0 | BS4: =IF('Rules & Rate'!$B$2<=AD4,1,0) -> 0 | BT4: =IF('Rules & Rate'!$B$2<=AE4,1,0) -> 0 | BU4: =IF('Rules & Rate'!$B$2<=AF4,1,0) -> 0 | BV4: =IF('Rules & Rate'!$B$6<=AG4,1,0) -> 0 | BW4: 65183.41 | BX4: =SUMPRODUCT(AH4:BA4,Labour!$B$2:$U$2) -> 394 | BY4: 88 | BZ4: =+BX4+BY4 -> 482 | CA4: =SUMPRODUCT(AH4:BA4,Labour!$B$3:$U$3) -> 399187.53 | CB4: =SUMPRODUCT(BC4:BV4,'Component $'!$B$10:$U$10) -> 84342.863 | CC4: =SUMPRODUCT(BC4:BV4,'Component $'!$B$9:$U$9) -> 17708.013 | CD4: =SUMPRODUCT(BC4:BV4,'Component $'!$B$6:$U$6) -> 25592.85 | CE4: =SUMPRODUCT(BC4:BV4,'Component $'!$B$8:$U$8) -> 41042 | CF4: =+CA4+CB4 -> 483530.39
A5: 826 | B5: 1 | C5: 1 | D5: 1 | E5: 1 | F5: 1 | G5: 0.5 | H5: 0 | I5: 0 | J5: 0 | K5: 1.2589812 | L5: 1.2589812 | M5: 0.75906194 | N5: 0.75906194 | O5: 0.050247619 | P5: 0.42165483 | Q5: 1.071602 | R5: 0.19609375 | S5: 0.03055 | T5: 0.341648 | U5: 0.393398 | V5: 0.31552 | W5: 0.18202222 | X5: 0.40845048 | Y5: 0.31552 | Z5: 0.18202222 | AA5: 1.071602 | AB5: 1.071602 | AC5: 0.466888 | AD5: 0.1519 | AE5: 0.218095 | AF5: 0.21172143 | AG5: 0.637907 | AH5: 1 | AI5: 1 | AJ5: 1 | AK5: 1 | AL5: 1 | AM5: 1 | AN5: 5 | AO5: 1 | AP5: 1 | AQ5: 1 | AR5: 1 | AS5: 1 | AT5: 1 | AU5: 1 | AV5: 1 | AW5: 1 | AX5: 1 | AY5: 1 | AZ5: 1 | BA5: 1 | BB5: 1 | BC5: =IF('Rules & Rate'!$B$2<=K5,1,0) -> 1 | BD5: =IF('Rules & Rate'!$B$2<=L5,1,0) -> 1 | BE5: =IF('Rules & Rate'!$B$2<=M5,1,0) -> 1 | BF5: =IF('Rules & Rate'!$B$2<=N5,1,0) -> 1 | BG5: =IF('Rules & Rate'!$B$3<=O5,1,0) -> 0 | BH5: =IF('Rules & Rate'!$B$3<=P5,1,0) -> 0 | BI5: =IF('Rules & Rate'!$B$2<=R5,1,0) -> 0 | BJ5: =IF('Rules & Rate'!$B$2<=S5,1,0) -> 0 | BK5: =IF('Rules & Rate'!$B$2<=T5,1,0) -> 1 | BL5: =IF('Rules & Rate'!$B$2<=U5,1,0) -> 1 | BM5: =IF('Rules & Rate'!$B$4<=V5,1,0) -> 0 | BN5: =IF('Rules & Rate'!$B$4<=W5,1,0) -> 0 | BO5: =IF('Rules & Rate'!$B$5<=X5,1,0) -> 0 | BP5: =IF('Rules & Rate'!$B$3<=Y5,1,0) -> 0 | BQ5: =IF('Rules & Rate'!$B$3<=Z5,1,0) -> 0 | BR5: =IF('Rules & Rate'!$B$2<=AC5,1,0) -> 1 | BS5: =IF('Rules & Rate'!$B$2<=AD5,1,0) -> 0 | BT5: =IF('Rules & Rate'!$B$2<=AE5,1,0) -> 0 | BU5: =IF('Rules & Rate'!$B$2<=AF5,1,0) -> 0 | BV5: =IF('Rules & Rate'!$B$6<=AG5,1,0) -> 0 | BW5: 64231.12 | BX5: =SUMPRODUCT(AH5:BA5,Labour!$B$2:$U$2) -> 400 | BY5: 97 | BZ5: =+BX5+BY5 -> 497 | CA5: =SUMPRODUCT(AH5:BA5,Labour!$B$3:$U$3) -> 424675.84 | CB5: =SUMPRODUCT(BC5:BV5,'Component $'!$B$10:$U$10) -> 44138.076 | CC5: =SUMPRODUCT(BC5:BV5,'Component $'!$B$9:$U$9) -> 6731.2764 | CD5: =SUMPRODUCT(BC5:BV5,'Component $'!$B$6:$U$6) -> 5266.8 | CE5: =SUMPRODUCT(BC5:BV5,'Component $'!$B$8:$U$8) -> 32140 | CF5: =+CA5+CB5 -> 468813.92
A6: 827 | B6: 1 | C6: 1 | D6: 1 | E6: 1 | F6: 1 | G6: 0.5 | H6: 0 | I6: 0 | J6: 0 | K6: 1.2177712 | L6: 1.2177712 | M6: 0.73301139 | O6: 0.13200952 | P6: 0.4871085 | Q6: 1.084562 | R6: 0.43108125 | S6: 0.03146875 | T6: 0.711318 | U6: 0.344885 | V6: 1.0111722 | W6: 0.61156111 | X6: 0.13200952 | Y6: 1.0109178 | Z6: 0.74300167 | AA6: 1.084562 | AB6: 1.084562 | AC6: 0.123025 | AD6: 0.14041429 | AE6: 0.175115 | AF6: 0.14041429 | AG6: 0.4871085 | AH6: 1 | AI6: 1 | AJ6: 1 | AK6: 1 | AL6: 1 | AM6: 1 | AN6: 3 | AO6: 1 | AP6: 1 | AQ6: 1 | AR6: 1 | AS6: 1 | AT6: 1 | AU6: 1 | AV6: 1 | AW6: 1 | AX6: 1 | AY6: 1 | AZ6: 1 | BA6: 1 | BB6: 1 | BC6: =IF('Rules & Rate'!$B$2<=K6,1,0) -> 1 | BD6: =IF('Rules & Rate'!$B$2<=L6,1,0) -> 1 | BE6: =IF('Rules & Rate'!$B$2<=M6,1,0) -> 1 | BF6: =IF('Rules & Rate'!$B$2<=N6,1,0) -> 0 | BG6: =IF('Rules & Rate'!$B$3<=O6,1,0) -> 0 | BH6: =IF('Rules & Rate'!$B$3<=P6,1,0) -> 0 | BI6: =IF('Rules & Rate'!$B$2<=R6,1,0) -> 1 | BJ6: =IF('Rules & Rate'!$B$2<=S6,1,0) -> 0 | BK6: =IF('Rules & Rate'!$B$2<=T6,1,0) -> 1 | BL6: =IF('Rules & Rate'!$B$2<=U6,1,0) -> 1 | BM6: =IF('Rules & Rate'!$B$4<=V6,1,0) -> 1 | BN6: =IF('Rules & Rate'!$B$4<=W6,1,0) -> 0 | BO6: =IF('Rules & Rate'!$B$5<=X6,1,0) -> 0 | BP6: =IF('Rules & Rate'!$B$3<=Y6,1,0) -> 1 | BQ6: =IF('Rules & Rate'!$B$3<=Z6,1,0) -> 1 | BR6: =IF('Rules & Rate'!$B$2<=AC6,1,0) -> 0 | BS6: =IF('Rules & Rate'!$B$2<=AD6,1,0) -> 0 | BT6: =IF('Rules & Rate'!$B$2<=AE6,1,0) -> 0 | BU6: =IF('Rules & Rate'!$B$2<=AF6,1,0) -> 0 | BV6: =IF('Rules & Rate'!$B$6<=AG6,1,0) -> 0 | BW6: 65001.72 | BX6: =SUMPRODUCT(AH6:BA6,Labour!$B$2:$U$2) -> 388 | BY6: 127 | BZ6: =+BX6+BY6 -> 515 | CA6: =SUMPRODUCT(AH6:BA6,Labour!$B$3:$U$3) -> 373699.22 | CB6: =SUMPRODUCT(BC6:BV6,'Component $'!$B$10:$U$10) -> 268632.56 | CC6: =SUMPRODUCT(BC6:BV6,'Component $'!$B$9:$U$9) -> 33595.713 | CD6: =SUMPRODUCT(BC6:BV6,'Component $'!$B$6:$U$6) -> 160594.85 | CE6: =SUMPRODUCT(BC6:BV6,'Component $'!$B$8:$U$8) -> 74442 | CF6: =+CA6+CB6 -> 642331.78
A7: 828 | B7: 1 | C7: 1 | D7: 1 | E7: 1 | F7: 1 | G7: 0.5 | H7: 0.16860465 | I7: 0.084302326 | J7: 870 | K7: 1.8189646 | L7: 1.8189646 | M7: 0.77974528 | N7: 0.77974528 | O7: 0.43383524 | P7: 0.46137283 | Q7: 1.1150435 | R7: 0.21925625 | S7: 0.4026275 | T7: 0.09914 | U7: 0.12489 | V7: 0.13876667 | W7: 0.0067222222 | X7: 1.3182081 | Y7: 0.35345778 | Z7: 0.53308 | AA7: 1.1150435 | AB7: 1.1150435 | AC7: 0.427107 | AD7: 1.1819657 | AE7: 0.322092 | AF7: 1.1819657 | AG7: 0.661483 | AH7: 1 | AI7: 1 | AJ7: 1 | AK7: 1 | AL7: 1 | AM7: 1 | AN7: 5 | AO7: 1 | AP7: 1 | AQ7: 1 | AR7: 1 | AS7: 1 | AT7: 1 | AU7: 1 | AV7: 1 | AW7: 1 | AX7: 1 | AY7: 1 | AZ7: 1 | BA7: 1 | BB7: 1 | BC7: =IF('Rules & Rate'!$B$2<=K7,1,0) -> 1 | BD7: =IF('Rules & Rate'!$B$2<=L7,1,0) -> 1 | BE7: =IF('Rules & Rate'!$B$2<=M7,1,0) -> 1 | BF7: =IF('Rules & Rate'!$B$2<=N7,1,0) -> 1 | BG7: =IF('Rules & Rate'!$B$3<=O7,1,0) -> 0 | BH7: =IF('Rules & Rate'!$B$3<=P7,1,0) -> 0 | BI7: =IF('Rules & Rate'!$B$2<=R7,1,0) -> 0 | BJ7: =IF('Rules & Rate'!$B$2<=S7,1,0) -> 1 | BK7: =IF('Rules & Rate'!$B$2<=T7,1,0) -> 0 | BL7: =IF('Rules & Rate'!$B$2<=U7,1,0) -> 0 | BM7: =IF('Rules & Rate'!$B$4<=V7,1,0) -> 0 | BN7: =IF('Rules & Rate'!$B$4<=W7,1,0) -> 0 | BO7: =IF('Rules & Rate'!$B$5<=X7,1,0) -> 1 | BP7: =IF('Rules & Rate'!$B$3<=Y7,1,0) -> 0 | BQ7: =IF('Rules & Rate'!$B$3<=Z7,1,0) -> 1 | BR7: =IF('Rules & Rate'!$B$2<=AC7,1,0) -> 1 | BS7: =IF('Rules & Rate'!$B$2<=AD7,1,0) -> 1 | BT7: =IF('Rules & Rate'!$B$2<=AE7,1,0) -> 1 | BU7: =IF('Rules & Rate'!$B$2<=AF7,1,0) -> 1 | BV7: =IF('Rules & Rate'!$B$6<=AG7,1,0) -> 0 | BW7: 66902.61 | BX7: =SUMPRODUCT(AH7:BA7,Labour!$B$2:$U$2) -> 400 | BY7: 127 | BZ7: =+BX7+BY7 -> 527 | CA7: =SUMPRODUCT(AH7:BA7,Labour!$B$3:$U$3) -> 424675.84 | CB7: =SUMPRODUCT(BC7:BV7,'Component $'!$B$10:$U$10) -> 170381.84 | CC7: =SUMPRODUCT(BC7:BV7,'Component $'!$B$9:$U$9) -> 26807.944 | CD7: =SUMPRODUCT(BC7:BV7,'Component $'!$B$6:$U$6) -> 78750.9 | CE7: =SUMPRODUCT(BC7:BV7,'Component $'!$B$8:$U$8) -> 64823 | CF7: =+CA7+CB7 -> 595057.68
A8: 829 | B8: 1 | C8: 1 | D8: 1 | E8: 1 | F8: 1 | G8: 0.5 | H8: 0.069767442 | I8: 0.034883721 | J8: 360 | K8: 1.5123317 | L8: 1.5123317 | M8: 0.72856111 | N8: 0.72856111 | O8: 0.35297 | P8: 0.39662433 | Q8: 1.0433083 | R8: 0.30641062 | S8: 0.04408125 | T8: 0.7103125 | U8: 1.26041 | V8: 0.527015 | W8: 0.78923611 | X8: 0.67226 | Y8: 0.18215 | Z8: 0.68977611 | AA8: 1.0433083 | AB8: 1.0433083 | AC8: 0.5280935 | AD8: 0.14952143 | AE8: 0.082245 | AF8: 0.11749286 | AG8: 0.68526517 | AH8: 1 | AI8: 1 | AJ8: 1 | AK8: 1 | AL8: 1 | AM8: 1 | AN8: 2 | AO8: 1 | AP8: 1 | AQ8: 1 | AR8: 1 | AS8: 1 | AT8: 1 | AU8: 1 | AV8: 1 | AW8: 1 | AX8: 1 | AY8: 1 | AZ8: 1 | BA8: 1 | BB8: 1 | BC8: =IF('Rules & Rate'!$B$2<=K8,1,0) -> 1 | BD8: =IF('Rules & Rate'!$B$2<=L8,1,0) -> 1 | BE8: =IF('Rules & Rate'!$B$2<=M8,1,0) -> 1 | BF8: =IF('Rules & Rate'!$B$2<=N8,1,0) -> 1 | BG8: =IF('Rules & Rate'!$B$3<=O8,1,0) -> 0 | BH8: =IF('Rules & Rate'!$B$3<=P8,1,0) -> 0 | BI8: =IF('Rules & Rate'!$B$2<=R8,1,0) -> 1 | BJ8: =IF('Rules & Rate'!$B$2<=S8,1,0) -> 0 | BK8: =IF('Rules & Rate'!$B$2<=T8,1,0) -> 1 | BL8: =IF('Rules & Rate'!$B$2<=U8,1,0) -> 1 | BM8: =IF('Rules & Rate'!$B$4<=V8,1,0) -> 0 | BN8: =IF('Rules & Rate'!$B$4<=W8,1,0) -> 1 | BO8: =IF('Rules & Rate'!$B$5<=X8,1,0) -> 0 | BP8: =IF('Rules & Rate'!$B$3<=Y8,1,0) -> 0 | BQ8: =IF('Rules & Rate'!$B$3<=Z8,1,0) -> 1 | BR8: =IF('Rules & Rate'!$B$2<=AC8,1,0) -> 1 | BS8: =IF('Rules & Rate'!$B$2<=AD8,1,0) -> 0 | BT8: =IF('Rules & Rate'!$B$2<=AE8,1,0) -> 0 | BU8: =IF('Rules & Rate'!$B$2<=AF8,1,0) -> 0 | BV8: =IF('Rules & Rate'!$B$6<=AG8,1,0) -> 0 | BW8: 62598.5 | BX8: =SUMPRODUCT(AH8:BA8,Labour!$B$2:$U$2) -> 382 | BY8: 141 | BZ8: =+BX8+BY8 -> 523 | CA8: =SUMPRODUCT(AH8:BA8,Labour!$B$3:$U$3) -> 348210.91 | CB8: =SUMPRODUCT(BC8:BV8,'Component $'!$B$10:$U$10) -> 255949.41 | CC8: =SUMPRODUCT(BC8:BV8,'Component $'!$B$9:$U$9) -> 26022.614 | CD8: =SUMPRODUCT(BC8:BV8,'Component $'!$B$6:$U$6) -> 144485.8 | CE8: =SUMPRODUCT(BC8:BV8,'Component $'!$B$8:$U$8) -> 85441 | CF8: =+CA8+CB8 -> 604160.32
A9: 830 | B9: 1 | C9: 1 | D9: 1 | E9: 1 | F9: 1 | G9: 0.5 | H9: 0 | I9: 0 | J9: 0 | K9: 1.5782779 | L9: 1.5782779 | M9: 0.74672 | N9: 0.74672 | O9: 0.044828571 | P9: 0.405869 | Q9: 1.0600778 | R9: 0.44502313 | S9: 0.44551687 | T9: 0.008505 | U9: 1.217607 | V9: 0.94872889 | W9: 0.63883167 | X9: 0.044828571 | Y9: 0.38140944 | Z9: 0.61380944 | AA9: 1.0600778 | AB9: 1.0600778 | AC9: 0.061405 | AD9: 0.089521429 | AE9: 0.3089035 | AF9: 0.089521429 | AG9: 0.405869 | AH9: 1 | AI9: 1 | AJ9: 1 | AK9: 1 | AL9: 1 | AM9: 1 | AN9: 2 | AO9: 0 | AP9: 1 | AQ9: 1 | AR9: 1 | AS9: 1 | AT9: 1 | AU9: 1 | AV9: 1 | AW9: 1 | AX9: 1 | AY9: 1 | AZ9: 1 | BA9: 1 | BB9: 1 | BC9: =IF('Rules & Rate'!$B$2<=K9,1,0) -> 1 | BD9: =IF('Rules & Rate'!$B$2<=L9,1,0) -> 1 | BE9: =IF('Rules & Rate'!$B$2<=M9,1,0) -> 1 | BF9: =IF('Rules & Rate'!$B$2<=N9,1,0) -> 1 | BG9: =IF('Rules & Rate'!$B$3<=O9,1,0) -> 0 | BH9: =IF('Rules & Rate'!$B$3<=P9,1,0) -> 0 | BI9: =IF('Rules & Rate'!$B$2<=R9,1,0) -> 1 | BJ9: =IF('Rules & Rate'!$B$2<=S9,1,0) -> 1 | BK9: =IF('Rules & Rate'!$B$2<=T9,1,0) -> 0 | BL9: =IF('Rules & Rate'!$B$2<=U9,1,0) -> 1 | BM9: =IF('Rules & Rate'!$B$4<=V9,1,0) -> 1 | BN9: =IF('Rules & Rate'!$B$4<=W9,1,0) -> 0 | BO9: =IF('Rules & Rate'!$B$5<=X9,1,0) -> 0 | BP9: =IF('Rules & Rate'!$B$3<=Y9,1,0) -> 0 | BQ9: =IF('Rules & Rate'!$B$3<=Z9,1,0) -> 1 | BR9: =IF('Rules & Rate'!$B$2<=AC9,1,0) -> 0 | BS9: =IF('Rules & Rate'!$B$2<=AD9,1,0) -> 0 | BT9: =IF('Rules & Rate'!$B$2<=AE9,1,0) -> 1 | BU9: =IF('Rules & Rate'!$B$2<=AF9,1,0) -> 0 | BV9: =IF('Rules & Rate'!$B$6<=AG9,1,0) -> 0 | BW9: 63604.67 | BX9: =SUMPRODUCT(AH9:BA9,Labour!$B$2:$U$2) -> 370 | BY9: 186 | BZ9: =+BX9+BY9 -> 556 | CA9: =SUMPRODUCT(AH9:BA9,Labour!$B$3:$U$3) -> 332798.91 | CB9: =SUMPRODUCT(BC9:BV9,'Component $'!$B$10:$U$10) -> 277843.41 | CC9: =SUMPRODUCT(BC9:BV9,'Component $'!$B$9:$U$9) -> 28680.557 | CD9: =SUMPRODUCT(BC9:BV9,'Component $'!$B$6:$U$6) -> 148367.85 | CE9: =SUMPRODUCT(BC9:BV9,'Component $'!$B$8:$U$8) -> 100795 | CF9: =+CA9+CB9 -> 610642.32
A10: 831 | B10: 1 | C10: 1 | D10: 1 | E10: 1 | F10: 1 | G10: 0.5 | H10: 0 | I10: 0 | J10: 0 | K10: 0.40910958 | L10: 0.40910958 | M10: 0.63515861 | N10: 0.63515861 | O10: 0.36870619 | Q10: 0.16364383 | R10: 0.02666875 | S10: 0.08853125 | T10: 1.1432855 | U10: 1.1432855 | V10: 0.54547944 | W10: 0.54547944 | X10: 0.46755381 | Y10: 0.54547944 | AA10: 0.99901617 | AB10: 0.99901617 | AC10: 0.070825 | AD10: 0.379895 | AE10: 0.070825 | AF10: 0.14987143 | AG10: 0.51296717 | AH10: 1 | AI10: 1 | AJ10: 1 | AK10: 1 | AL10: 1 | AM10: 1 | AN10: 4 | AO10: 1 | AP10: 1 | AQ10: 1 | AR10: 1 | AS10: 1 | AT10: 1 | AU10: 1 | AV10: 1 | AW10: 1 | AX10: 1 | AY10: 1 | AZ10: 1 | BA10: 1 | BB10: 1 | BC10: =IF('Rules & Rate'!$B$2<=K10,1,0) -> 1 | BD10: =IF('Rules & Rate'!$B$2<=L10,1,0) -> 1 | BE10: =IF('Rules & Rate'!$B$2<=M10,1,0) -> 1 | BF10: =IF('Rules & Rate'!$B$2<=N10,1,0) -> 1 | BG10: =IF('Rules & Rate'!$B$3<=O10,1,0) -> 0 | BH10: =IF('Rules & Rate'!$B$3<=P10,1,0) -> 0 | BI10: =IF('Rules & Rate'!$B$2<=R10,1,0) -> 0 | BJ10: =IF('Rules & Rate'!$B$2<=S10,1,0) -> 0 | BK10: =IF('Rules & Rate'!$B$2<=T10,1,0) -> 1 | BL10: =IF('Rules & Rate'!$B$2<=U10,1,0) -> 1 | BM10: =IF('Rules & Rate'!$B$4<=V10,1,0) -> 0 | BN10: =IF('Rules & Rate'!$B$4<=W10,1,0) -> 0 | BO10: =IF('Rules & Rate'!$B$5<=X10,1,0) -> 0 | BP10: =IF('Rules & Rate'!$B$3<=Y10,1,0) -> 1 | BQ10: =IF('Rules & Rate'!$B$3<=Z10,1,0) -> 0 | BR10: =IF('Rules & Rate'!$B$2<=AC10,1,0) -> 0 | BS10: =IF('Rules & Rate'!$B$2<=AD10,1,0) -> 1 | BT10: =IF('Rules & Rate'!$B$2<=AE10,1,0) -> 0 | BU10: =IF('Rules & Rate'!$B$2<=AF10,1,0) -> 0 | BV10: =IF('Rules & Rate'!$B$6<=AG10,1,0) -> 0 | BW10: 59940.97 | BX10: =SUMPRODUCT(AH10:BA10,Labour!$B$2:$U$2) -> 394 | BY10: 138 | BZ10: =+BX10+BY10 -> 532 | CA10: =SUMPRODUCT(AH10:BA10,Labour!$B$3:$U$3) -> 399187.53 | CB10: =SUMPRODUCT(BC10:BV10,'Component $'!$B$10:$U$10) -> 77100.976 | CC10: =SUMPRODUCT(BC10:BV10,'Component $'!$B$9:$U$9) -> 17307.176 | CD10: =SUMPRODUCT(BC10:BV10,'Component $'!$B$6:$U$6) -> 26393.8 | CE10: =SUMPRODUCT(BC10:BV10,'Component $'!$B$8:$U$8) -> 33400 | CF10: =+CA10+CB10 -> 476288.51
A11: 832 | B11: 1 | C11: 1 | D11: 2 | E11: 1 | F11: 2 | G11: 0.7 | H11: 0.35852713 | I11: 0.25096899 | J11: 1850 | K11: 1.6036858 | L11: 1.6036858 | M11: 0.77221111 | N11: 0.77221111 | O11: 0.23825714 | P11: 0.4358905 | Q11: 1.0651798 | R11: 0.5074225 | S11: 0.44981625 | T11: 0.336228 | U11: 0.336228 | V11: 0.10051111 | W11: 0.15101667 | X11: 0.31245524 | Y11: 0.10051111 | Z11: 0.15101667 | AA11: 1.0651798 | AB11: 1.0651798 | AC11: 0.259158 | AD11: 0.19416429 | AE11: 0.280628 | AF11: 0.19416429 | AG11: 0.5135555 | AH11: 1 | AI11: 1 | AJ11: 1 | AK11: 1 | AL11: 1 | AM11: 1 | AN11: 2 | AO11: 1 | AP11: 1 | AQ11: 1 | AR11: 1 | AS11: 1 | AT11: 1 | AU11: 1 | AV11: 1 | AW11: 1 | AX11: 1 | AY11: 1 | AZ11: 1 | BA11: 1 | BB11: 1 | BC11: =IF('Rules & Rate'!$B$2<=K11,1,0) -> 1 | BD11: =IF('Rules & Rate'!$B$2<=L11,1,0) -> 1 | BE11: =IF('Rules & Rate'!$B$2<=M11,1,0) -> 1 | BF11: =IF('Rules & Rate'!$B$2<=N11,1,0) -> 1 | BG11: =IF('Rules & Rate'!$B$3<=O11,1,0) -> 0 | BH11: =IF('Rules & Rate'!$B$3<=P11,1,0) -> 0 | BI11: =IF('Rules & Rate'!$B$2<=R11,1,0) -> 1 | BJ11: =IF('Rules & Rate'!$B$2<=S11,1,0) -> 1 | BK11: =IF('Rules & Rate'!$B$2<=T11,1,0) -> 1 | BL11: =IF('Rules & Rate'!$B$2<=U11,1,0) -> 1 | BM11: =IF('Rules & Rate'!$B$4<=V11,1,0) -> 0 | BN11: =IF('Rules & Rate'!$B$4<=W11,1,0) -> 0 | BO11: =IF('Rules & Rate'!$B$5<=X11,1,0) -> 0 | BP11: =IF('Rules & Rate'!$B$3<=Y11,1,0) -> 0 | BQ11: =IF('Rules & Rate'!$B$3<=Z11,1,0) -> 0 | BR11: =IF('Rules & Rate'!$B$2<=AC11,1,0) -> 0 | BS11: =IF('Rules & Rate'!$B$2<=AD11,1,0) -> 0 | BT11: =IF('Rules & Rate'!$B$2<=AE11,1,0) -> 0 | BU11: =IF('Rules & Rate'!$B$2<=AF11,1,0) -> 0 | BV11: =IF('Rules & Rate'!$B$6<=AG11,1,0) -> 0 | BW11: 63857.72 | BX11: =SUMPRODUCT(AH11:BA11,Labour!$B$2:$U$2) -> 382 | BY11: 127 | BZ11: =+BX11+BY11 -> 509 | CA11: =SUMPRODUCT(AH11:BA11,Labour!$B$3:$U$3) -> 348210.91 | CB11: =SUMPRODUCT(BC11:BV11,'Component $'!$B$10:$U$10) -> 87269.246 | CC11: =SUMPRODUCT(BC11:BV11,'Component $'!$B$9:$U$9) -> 11281.446 | CD11: =SUMPRODUCT(BC11:BV11,'Component $'!$B$6:$U$6) -> 10497.8 | CE11: =SUMPRODUCT(BC11:BV11,'Component $'!$B$8:$U$8) -> 65490 | CF11: =+CA11+CB11 -> 435480.16
A12: 833 | B12: 2 | C12: 0 | D12: 2 | E12: 2 | F12: 1 | G12: 0.7 | H12: 0.59883721 | I12: 0.41918605 | J12: 3090 | K12: 0.66243917 | L12: 0.68918375 | M12: 0.25958806 | N12: 0.25958806 | O12: 0.4032319 | P12: 0.27579317 | Q12: 0.96806933 | R12: 0.63740438 | S12: 0.63740438 | T12: 0.635064 | U12: 0.635064 | V12: 0.30549833 | W12: 0.37379833 | X12: 0.63024905 | Y12: 0.26573167 | Z12: 0.25187611 | AA12: 0.96806933 | AB12: 0.96806933 | AC12: 0.3674335 | AD12: 0.1069 | AE12: 0.138075 | AF12: 0.28698571 | AG12: 0.4892925 | AH12: 1 | AI12: 1 | AJ12: 1 | AK12: 1 | AL12: 1 | AM12: 1 | AN12: 2 | AO12: 1 | AP12: 1 | AQ12: 1 | AR12: 1 | AS12: 1 | AT12: 1 | AU12: 1 | AV12: 1 | AW12: 1 | AX12: 1 | AY12: 1 | AZ12: 1 | BA12: 1 | BB12: 1 | BC12: =IF('Rules & Rate'!$B$2<=K12,1,0) -> 1 | BD12: =IF('Rules & Rate'!$B$2<=L12,1,0) -> 1 | BE12: =IF('Rules & Rate'!$B$2<=M12,1,0) -> 0 | BF12: =IF('Rules & Rate'!$B$2<=N12,1,0) -> 0 | BG12: =IF('Rules & Rate'!$B$3<=O12,1,0) -> 0 | BH12: =IF('Rules & Rate'!$B$3<=P12,1,0) -> 0 | BI12: =IF('Rules & Rate'!$B$2<=R12,1,0) -> 1 | BJ12: =IF('Rules & Rate'!$B$2<=S12,1,0) -> 1 | BK12: =IF('Rules & Rate'!$B$2<=T12,1,0) -> 1 | BL12: =IF('Rules & Rate'!$B$2<=U12,1,0) -> 1 | BM12: =IF('Rules & Rate'!$B$4<=V12,1,0) -> 0 | BN12: =IF('Rules & Rate'!$B$4<=W12,1,0) -> 0 | BO12: =IF('Rules & Rate'!$B$5<=X12,1,0) -> 0 | BP12: =IF('Rules & Rate'!$B$3<=Y12,1,0) -> 0 | BQ12: =IF('Rules & Rate'!$B$3<=Z12,1,0) -> 0 | BR12: =IF('Rules & Rate'!$B$2<=AC12,1,0) -> 1 | BS12: =IF('Rules & Rate'!$B$2<=AD12,1,0) -> 0 | BT12: =IF('Rules & Rate'!$B$2<=AE12,1,0) -> 0 | BU12: =IF('Rules & Rate'!$B$2<=AF12,1,0) -> 0 | BV12: =IF('Rules & Rate'!$B$6<=AG12,1,0) -> 0 | BW12: 58084.16 | BX12: =SUMPRODUCT(AH12:BA12,Labour!$B$2:$U$2) -> 382 | BY12: 101 | BZ12: =+BX12+BY12 -> 483 | CA12: =SUMPRODUCT(AH12:BA12,Labour!$B$3:$U$3) -> 348210.91 | CB12: =SUMPRODUCT(BC12:BV12,'Component $'!$B$10:$U$10) -> 87926.062 | CC12: =SUMPRODUCT(BC12:BV12,'Component $'!$B$9:$U$9) -> 12047.162 | CD12: =SUMPRODUCT(BC12:BV12,'Component $'!$B$6:$U$6) -> 13030.9 | CE12: =SUMPRODUCT(BC12:BV12,'Component $'!$B$8:$U$8) -> 62848 | CF12: =+CA12+CB12 -> 436136.97
A13: 834 | B13: 1 | C13: 2 | D13: 2 | E13: 2 | F13: 2 | G13: 0.9 | H13: 0.40116279 | I13: 0.36104651 | J13: 2070 | K13: 1.6365787 | L13: 1.6365787 | M13: 0.69945556 | O13: 0.1689619 | P13: 0.38261667 | Q13: 1.0275835 | R13: 0.033075 | S13: 0.033075 | T13: 1.328568 | U13: 1.23262 | V13: 0.327425 | W13: 0.058238889 | X13: 0.1689619 | Y13: 0.37725833 | Z13: 0.058238889 | AA13: 1.0275835 | AB13: 1.0275835 | AC13: 0.3874325 | AD13: 0.21232857 | AE13: 0.19563 | AF13: 0.24420714 | AG13: 0.38261667 | AH13: 1 | AI13: 1 | AJ13: 1 | AK13: 1 | AL13: 1 | AM13: 1 | AN13: 2 | AO13: 1 | AP13: 1 | AQ13: 1 | AR13: 1 | AS13: 1 | AT13: 1 | AU13: 1 | AV13: 1 | AW13: 1 | AX13: 1 | AY13: 1 | AZ13: 1 | BA13: 1 | BB13: 1 | BC13: =IF('Rules & Rate'!$B$2<=K13,1,0) -> 1 | BD13: =IF('Rules & Rate'!$B$2<=L13,1,0) -> 1 | BE13: =IF('Rules & Rate'!$B$2<=M13,1,0) -> 1 | BF13: =IF('Rules & Rate'!$B$2<=N13,1,0) -> 0 | BG13: =IF('Rules & Rate'!$B$3<=O13,1,0) -> 0 | BH13: =IF('Rules & Rate'!$B$3<=P13,1,0) -> 0 | BI13: =IF('Rules & Rate'!$B$2<=R13,1,0) -> 0 | BJ13: =IF('Rules & Rate'!$B$2<=S13,1,0) -> 0 | BK13: =IF('Rules & Rate'!$B$2<=T13,1,0) -> 1 | BL13: =IF('Rules & Rate'!$B$2<=U13,1,0) -> 1 | BM13: =IF('Rules & Rate'!$B$4<=V13,1,0) -> 0 | BN13: =IF('Rules & Rate'!$B$4<=W13,1,0) -> 0 | BO13: =IF('Rules & Rate'!$B$5<=X13,1,0) -> 0 | BP13: =IF('Rules & Rate'!$B$3<=Y13,1,0) -> 0 | BQ13: =IF('Rules & Rate'!$B$3<=Z13,1,0) -> 0 | BR13: =IF('Rules & Rate'!$B$2<=AC13,1,0) -> 1 | BS13: =IF('Rules & Rate'!$B$2<=AD13,1,0) -> 0 | BT13: =IF('Rules & Rate'!$B$2<=AE13,1,0) -> 0 | BU13: =IF('Rules & Rate'!$B$2<=AF13,1,0) -> 0 | BV13: =IF('Rules & Rate'!$B$6<=AG13,1,0) -> 0 | BW13: 61655.01 | BX13: =SUMPRODUCT(AH13:BA13,Labour!$B$2:$U$2) -> 382 | BY13: 155 | BZ13: =+BX13+BY13 -> 537 | CA13: =SUMPRODUCT(AH13:BA13,Labour!$B$3:$U$3) -> 348210.91 | CB13: =SUMPRODUCT(BC13:BV13,'Component $'!$B$10:$U$10) -> 38510.431 | CC13: =SUMPRODUCT(BC13:BV13,'Component $'!$B$9:$U$9) -> 5985.5814 | CD13: =SUMPRODUCT(BC13:BV13,'Component $'!$B$6:$U$6) -> 4931.85 | CE13: =SUMPRODUCT(BC13:BV13,'Component $'!$B$8:$U$8) -> 27593 | CF13: =+CA13+CB13 -> 386721.34
A14: 835 | B14: 2 | C14: 1 | D14: 1 | E14: 1 | F14: 1 | G14: 0.6 | H14: 0.14534884 | I14: 0.087209302 | J14: 750 | K14: 1.6291617 | L14: 1.6291617 | M14: 0.19674167 | N14: 0.19674167 | O14: 0.29251429 | P14: 0.3726765 | Q14: 1.0348157 | R14: 0.63263125 | S14: 0.93949562 | T14: 0.2101 | U14: 1.214486 | V14: 0.46955 | W14: 0.11968333 | X14: 0.29251429 | Y14: 1.242255 | Z14: 0.11968333 | AA14: 1.0348157 | AB14: 1.0348157 | AC14: 0.309195 | AD14: 0.47357857 | AE14: 0.227295 | AF14: 0.2348 | AG14: 0.3726765 | AH14: 1 | AI14: 1 | AJ14: 1 | AK14: 1 | AL14: 1 | AM14: 1 | AN14: 3 | AO14: 1 | AP14: 1 | AQ14: 1 | AR14: 1 | AS14: 1 | AT14: 1 | AU14: 1 | AV14: 1 | AW14: 1 | AX14: 1 | AY14: 1 | AZ14: 1 | BA14: 1 | BB14: 1 | BC14: =IF('Rules & Rate'!$B$2<=K14,1,0) -> 1 | BD14: =IF('Rules & Rate'!$B$2<=L14,1,0) -> 1 | BE14: =IF('Rules & Rate'!$B$2<=M14,1,0) -> 0 | BF14: =IF('Rules & Rate'!$B$2<=N14,1,0) -> 0 | BG14: =IF('Rules & Rate'!$B$3<=O14,1,0) -> 0 | BH14: =IF('Rules & Rate'!$B$3<=P14,1,0) -> 0 | BI14: =IF('Rules & Rate'!$B$2<=R14,1,0) -> 1 | BJ14: =IF('Rules & Rate'!$B$2<=S14,1,0) -> 1 | BK14: =IF('Rules & Rate'!$B$2<=T14,1,0) -> 0 | BL14: =IF('Rules & Rate'!$B$2<=U14,1,0) -> 1 | BM14: =IF('Rules & Rate'!$B$4<=V14,1,0) -> 0 | BN14: =IF('Rules & Rate'!$B$4<=W14,1,0) -> 0 | BO14: =IF('Rules & Rate'!$B$5<=X14,1,0) -> 0 | BP14: =IF('Rules & Rate'!$B$3<=Y14,1,0) -> 1 | BQ14: =IF('Rules & Rate'!$B$3<=Z14,1,0) -> 0 | BR14: =IF('Rules & Rate'!$B$2<=AC14,1,0) -> 1 | BS14: =IF('Rules & Rate'!$B$2<=AD14,1,0) -> 1 | BT14: =IF('Rules & Rate'!$B$2<=AE14,1,0) -> 0 | BU14: =IF('Rules & Rate'!$B$2<=AF14,1,0) -> 0 | BV14: =IF('Rules & Rate'!$B$6<=AG14,1,0) -> 0 | BW14: 62061.74 | BX14: =SUMPRODUCT(AH14:BA14,Labour!$B$2:$U$2) -> 388 | BY14: 184 | BZ14: =+BX14+BY14 -> 572 | CA14: =SUMPRODUCT(AH14:BA14,Labour!$B$3:$U$3) -> 373699.22 | CB14: =SUMPRODUCT(BC14:BV14,'Component $'!$B$10:$U$10) -> 127173.42 | CC14: =SUMPRODUCT(BC14:BV14,'Component $'!$B$9:$U$9) -> 24134.474 | CD14: =SUMPRODUCT(BC14:BV14,'Component $'!$B$6:$U$6) -> 37025.95 | CE14: =SUMPRODUCT(BC14:BV14,'Component $'!$B$8:$U$8) -> 66013 | CF14: =+CA14+CB14 -> 500872.64
A15: 836 | B15: 1 | C15: 1 | D15: 1 | E15: 2 | F15: 1 | G15: 0.6 | H15: 0.16666667 | I15: 0.1 | J15: 860 | K15: 1.5946988 | L15: 1.5946988 | M15: 0.70133917 | N15: 0.70133917 | O15: 0.47765286 | P15: 0.2670475 | R15: 0.62691937 | S15: 0.54403813 | T15: 0.00962 | U15: 0.3874755 | V15: 0.065183333 | W15: 0.043255556 | X15: 0.47765286 | Y15: 0.065183333 | Z15: 0.043255556 | AA15: 1.0178688 | AB15: 1.0178688 | AC15: 0.8011425 | AD15: 0.15507857 | AE15: 0.5551605 | AF15: 0.15507857 | AG15: 0.58585567 | AH15: 1 | AI15: 1 | AJ15: 1 | AK15: 1 | AL15: 1 | AM15: 1 | AN15: 2 | AO15: 1 | AP15: 1 | AQ15: 1 | AR15: 1 | AS15: 1 | AT15: 1 | AU15: 1 | AV15: 1 | AW15: 1 | AX15: 1 | AY15: 1 | AZ15: 1 | BA15: 1 | BB15: 1 | BC15: =IF('Rules & Rate'!$B$2<=K15,1,0) -> 1 | BD15: =IF('Rules & Rate'!$B$2<=L15,1,0) -> 1 | BE15: =IF('Rules & Rate'!$B$2<=M15,1,0) -> 1 | BF15: =IF('Rules & Rate'!$B$2<=N15,1,0) -> 1 | BG15: =IF('Rules & Rate'!$B$3<=O15,1,0) -> 0 | BH15: =IF('Rules & Rate'!$B$3<=P15,1,0) -> 0 | BI15: =IF('Rules & Rate'!$B$2<=R15,1,0) -> 1 | BJ15: =IF('Rules & Rate'!$B$2<=S15,1,0) -> 1 | BK15: =IF('Rules & Rate'!$B$2<=T15,1,0) -> 0 | BL15: =IF('Rules & Rate'!$B$2<=U15,1,0) -> 1 | BM15: =IF('Rules & Rate'!$B$4<=V15,1,0) -> 0 | BN15: =IF('Rules & Rate'!$B$4<=W15,1,0) -> 0 | BO15: =IF('Rules & Rate'!$B$5<=X15,1,0) -> 0 | BP15: =IF('Rules & Rate'!$B$3<=Y15,1,0) -> 0 | BQ15: =IF('Rules & Rate'!$B$3<=Z15,1,0) -> 0 | BR15: =IF('Rules & Rate'!$B$2<=AC15,1,0) -> 1 | BS15: =IF('Rules & Rate'!$B$2<=AD15,1,0) -> 0 | BT15: =IF('Rules & Rate'!$B$2<=AE15,1,0) -> 1 | BU15: =IF('Rules & Rate'!$B$2<=AF15,1,0) -> 0 | BV15: =IF('Rules & Rate'!$B$6<=AG15,1,0) -> 0 | BW15: 61073.31 | BX15: =SUMPRODUCT(AH15:BA15,Labour!$B$2:$U$2) -> 382 | BY15: 187 | BZ15: =+BX15+BY15 -> 569 | CA15: =SUMPRODUCT(AH15:BA15,Labour!$B$3:$U$3) -> 348210.91 | CB15: =SUMPRODUCT(BC15:BV15,'Component $'!$B$10:$U$10) -> 105465.81 | CC15: =SUMPRODUCT(BC15:BV15,'Component $'!$B$9:$U$9) -> 15049.964 | CD15: =SUMPRODUCT(BC15:BV15,'Component $'!$B$6:$U$6) -> 16568.85 | CE15: =SUMPRODUCT(BC15:BV15,'Component $'!$B$8:$U$8) -> 73847 | CF15: =+CA15+CB15 -> 453676.72
A16: 837 | B16: 1 | C16: 0 | D16: 2 | E16: 2 | F16: 1 | G16: 0.6 | H16: 0.67829457 | I16: 0.40697674 | J16: 3500 | K16: 1.6071017 | L16: 1.6071017 | M16: 0.76423444 | N16: 0.76423444 | O16: 0.32863143 | P16: 0.41026817 | Q16: 1.028302 | R16: 0.24324375 | S16: 0.0216625 | T16: 0.295063 | U16: 0.295063 | V16: 0.80597944 | W16: 0.20572222 | X16: 0.68759 | Y16: 0.13995 | Z16: 0.52698111 | AA16: 1.028302 | AB16: 1.028302 | AC16: 0.395873 | AD16: 0.49292571 | AE16: 0.14705 | AF16: 0.35835714 | AG16: 0.41026817 | AH16: 1 | AI16: 1 | AJ16: 1 | AK16: 1 | AL16: 1 | AM16: 1 | AN16: 2 | AO16: 1 | AP16: 1 | AQ16: 1 | AR16: 1 | AS16: 1 | AT16: 1 | AU16: 1 | AV16: 1 | AW16: 1 | AX16: 1 | AY16: 1 | AZ16: 1 | BA16: 1 | BB16: 1 | BC16: =IF('Rules & Rate'!$B$2<=K16,1,0) -> 1 | BD16: =IF('Rules & Rate'!$B$2<=L16,1,0) -> 1 | BE16: =IF('Rules & Rate'!$B$2<=M16,1,0) -> 1 | BF16: =IF('Rules & Rate'!$B$2<=N16,1,0) -> 1 | BG16: =IF('Rules & Rate'!$B$3<=O16,1,0) -> 0 | BH16: =IF('Rules & Rate'!$B$3<=P16,1,0) -> 0 | BI16: =IF('Rules & Rate'!$B$2<=R16,1,0) -> 0 | BJ16: =IF('Rules & Rate'!$B$2<=S16,1,0) -> 0 | BK16: =IF('Rules & Rate'!$B$2<=T16,1,0) -> 0 | BL16: =IF('Rules & Rate'!$B$2<=U16,1,0) -> 0 | BM16: =IF('Rules & Rate'!$B$4<=V16,1,0) -> 1 | BN16: =IF('Rules & Rate'!$B$4<=W16,1,0) -> 0 | BO16: =IF('Rules & Rate'!$B$5<=X16,1,0) -> 0 | BP16: =IF('Rules & Rate'!$B$3<=Y16,1,0) -> 0 | BQ16: =IF('Rules & Rate'!$B$3<=Z16,1,0) -> 1 | BR16: =IF('Rules & Rate'!$B$2<=AC16,1,0) -> 1 | BS16: =IF('Rules & Rate'!$B$2<=AD16,1,0) -> 1 | BT16: =IF('Rules & Rate'!$B$2<=AE16,1,0) -> 0 | BU16: =IF('Rules & Rate'!$B$2<=AF16,1,0) -> 1 | BV16: =IF('Rules & Rate'!$B$6<=AG16,1,0) -> 0 | BW16: 61612.92 | BX16: =SUMPRODUCT(AH16:BA16,Labour!$B$2:$U$2) -> 382 | BY16: 105 | BZ16: =+BX16+BY16 -> 487 | CA16: =SUMPRODUCT(AH16:BA16,Labour!$B$3:$U$3) -> 348210.91 | CB16: =SUMPRODUCT(BC16:BV16,'Component $'!$B$10:$U$10) -> 246476.7 | CC16: =SUMPRODUCT(BC16:BV16,'Component $'!$B$9:$U$9) -> 25641.799 | CD16: =SUMPRODUCT(BC16:BV16,'Component $'!$B$6:$U$6) -> 148964.9 | CE16: =SUMPRODUCT(BC16:BV16,'Component $'!$B$8:$U$8) -> 71870 | CF16: =+CA16+CB16 -> 594687.61
A17: 838 | B17: 1 | C17: 0 | D17: 1 | E17: 1 | F17: 1 | G17: 0.4 | H17: 0.069767442 | I17: 0.027906977 | J17: 360 | K17: 1.6641646 | L17: 1.6641646 | M17: 0.3592025 | N17: 0.78033722 | O17: 0.017957143 | P17: 0.42449417 | Q17: 1.058343 | R17: 0.65155625 | S17: 0.2965625 | T17: 0.46474 | U17: 1.4915195 | V17: 1.4149806 | W17: 1.4149806 | X17: 0.44260952 | Y17: 1.4149806 | Z17: 1.3937533 | AA17: 1.058343 | AB17: 1.058343 | AC17: 0.260875 | AD17: 0.12330714 | AE17: 0.172515 | AF17: 0.12330714 | AG17: 0.42449417 | AH17: 1 | AI17: 1 | AJ17: 1 | AK17: 1 | AL17: 1 | AM17: 1 | AN17: 2 | AO17: 0 | AP17: 1 | AQ17: 1 | AR17: 1 | AS17: 0 | AT17: 1 | AU17: 1 | AV17: 1 | AW17: 1 | AX17: 1 | AY17: 1 | AZ17: 1 | BA17: 1 | BB17: 1 | BC17: =IF('Rules & Rate'!$B$2<=K17,1,0) -> 1 | BD17: =IF('Rules & Rate'!$B$2<=L17,1,0) -> 1 | BE17: =IF('Rules & Rate'!$B$2<=M17,1,0) -> 1 | BF17: =IF('Rules & Rate'!$B$2<=N17,1,0) -> 1 | BG17: =IF('Rules & Rate'!$B$3<=O17,1,0) -> 0 | BH17: =IF('Rules & Rate'!$B$3<=P17,1,0) -> 0 | BI17: =IF('Rules & Rate'!$B$2<=R17,1,0) -> 1 | BJ17: =IF('Rules & Rate'!$B$2<=S17,1,0) -> 0 | BK17: =IF('Rules & Rate'!$B$2<=T17,1,0) -> 1 | BL17: =IF('Rules & Rate'!$B$2<=U17,1,0) -> 1 | BM17: =IF('Rules & Rate'!$B$4<=V17,1,0) -> 1 | BN17: =IF('Rules & Rate'!$B$4<=W17,1,0) -> 1 | BO17: =IF('Rules & Rate'!$B$5<=X17,1,0) -> 0 | BP17: =IF('Rules & Rate'!$B$3<=Y17,1,0) -> 1 | BQ17: =IF('Rules & Rate'!$B$3<=Z17,1,0) -> 1 | BR17: =IF('Rules & Rate'!$B$2<=AC17,1,0) -> 0 | BS17: =IF('Rules & Rate'!$B$2<=AD17,1,0) -> 0 | BT17: =IF('Rules & Rate'!$B$2<=AE17,1,0) -> 0 | BU17: =IF('Rules & Rate'!$B$2<=AF17,1,0) -> 0 | BV17: =IF('Rules & Rate'!$B$6<=AG17,1,0) -> 0 | BW17: 63478.48 | BX17: =SUMPRODUCT(AH17:BA17,Labour!$B$2:$U$2) -> 322 | BY17: 99 | BZ17: =+BX17+BY17 -> 421 | CA17: =SUMPRODUCT(AH17:BA17,Labour!$B$3:$U$3) -> 311755.91 | CB17: =SUMPRODUCT(BC17:BV17,'Component $'!$B$10:$U$10) -> 428327.01 | CC17: =SUMPRODUCT(BC17:BV17,'Component $'!$B$9:$U$9) -> 39653.208 | CD17: =SUMPRODUCT(BC17:BV17,'Component $'!$B$6:$U$6) -> 276284.8 | CE17: =SUMPRODUCT(BC17:BV17,'Component $'!$B$8:$U$8) -> 112389 | CF17: =+CA17+CB17 -> 740082.92
A18: 839 | B18: 2 | C18: 1 | D18: 2 | E18: 2 | F18: 2 | G18: 0.9 | H18: 0.76550388 | I18: 0.68895349 | J18: 3950 | K18: 1.5707913 | L18: 1.5707913 | M18: 0.29127 | N18: 0.29127 | O18: 0.45900095 | P18: 0.26532517 | Q18: 1.0351723 | R18: 0.55203875 | S18: 0.0696625 | T18: 1.3036395 | U18: 0.7959755 | V18: 0.36094556 | W18: 0.35133444 | X18: 0.54414381 | Y18: 0.14075 | Z18: 0.57932333 | AA18: 1.0351723 | AB18: 1.0351723 | AC18: 0.306836 | AD18: 0.24573571 | AE18: 0.579431 | AF18: 0.079614286 | AG18: 0.14721033 | AH18: 1 | AI18: 1 | AJ18: 1 | AK18: 1 | AL18: 1 | AM18: 1 | AN18: 2 | AO18: 1 | AP18: 1 | AQ18: 1 | AR18: 1 | AS18: 1 | AT18: 1 | AU18: 1 | AV18: 1 | AW18: 1 | AX18: 1 | AY18: 1 | AZ18: 1 | BA18: 1 | BB18: 1 | BC18: =IF('Rules & Rate'!$B$2<=K18,1,0) -> 1 | BD18: =IF('Rules & Rate'!$B$2<=L18,1,0) -> 1 | BE18: =IF('Rules & Rate'!$B$2<=M18,1,0) -> 0 | BF18: =IF('Rules & Rate'!$B$2<=N18,1,0) -> 0 | BG18: =IF('Rules & Rate'!$B$3<=O18,1,0) -> 0 | BH18: =IF('Rules & Rate'!$B$3<=P18,1,0) -> 0 | BI18: =IF('Rules & Rate'!$B$2<=R18,1,0) -> 1 | BJ18: =IF('Rules & Rate'!$B$2<=S18,1,0) -> 0 | BK18: =IF('Rules & Rate'!$B$2<=T18,1,0) -> 1 | BL18: =IF('Rules & Rate'!$B$2<=U18,1,0) -> 1 | BM18: =IF('Rules & Rate'!$B$4<=V18,1,0) -> 0 | BN18: =IF('Rules & Rate'!$B$4<=W18,1,0) -> 0 | BO18: =IF('Rules & Rate'!$B$5<=X18,1,0) -> 0 | BP18: =IF('Rules & Rate'!$B$3<=Y18,1,0) -> 0 | BQ18: =IF('Rules & Rate'!$B$3<=Z18,1,0) -> 1 | BR18: =IF('Rules & Rate'!$B$2<=AC18,1,0) -> 1 | BS18: =IF('Rules & Rate'!$B$2<=AD18,1,0) -> 0 | BT18: =IF('Rules & Rate'!$B$2<=AE18,1,0) -> 1 | BU18: =IF('Rules & Rate'!$B$2<=AF18,1,0) -> 0 | BV18: =IF('Rules & Rate'!$B$6<=AG18,1,0) -> 0 | BW18: 62036.54 | BX18: =SUMPRODUCT(AH18:BA18,Labour!$B$2:$U$2) -> 382 | BY18: 170 | BZ18: =+BX18+BY18 -> 552 | CA18: =SUMPRODUCT(AH18:BA18,Labour!$B$3:$U$3) -> 348210.91 | CB18: =SUMPRODUCT(BC18:BV18,'Component $'!$B$10:$U$10) -> 102539.43 | CC18: =SUMPRODUCT(BC18:BV18,'Component $'!$B$9:$U$9) -> 21476.531 | CD18: =SUMPRODUCT(BC18:BV18,'Component $'!$B$6:$U$6) -> 31663.9 | CE18: =SUMPRODUCT(BC18:BV18,'Component $'!$B$8:$U$8) -> 49399 | CF18: =+CA18+CB18 -> 450750.34
A19: 840 | B19: 1 | C19: 1 | D19: 2 | E19: 1 | F19: 1 | G19: 0.6 | H19: 0.19379845 | I19: 0.11627907 | J19: 1000 | L19: 0.78785417 | M19: 0.68427167 | N19: 0.68427167 | O19: 0.24973048 | P19: 0.31514167 | Q19: 0.99860533 | R19: 0.161225 | S19: 0.27956875 | T19: 1.3053795 | U19: 0.7448895 | V19: 0.20477222 | W19: 0.073355556 | X19: 0.7689781 | Y19: 0.20477222 | Z19: 0.073355556 | AA19: 0.99860533 | AB19: 0.99860533 | AC19: 0.08206 | AD19: 0.15488571 | AE19: 0.579657 | AF19: 0.32053571 | AG19: 0.49489717 | AH19: 1 | AI19: 1 | AJ19: 1 | AK19: 1 | AL19: 1 | AM19: 1 | AN19: 2 | AO19: 1 | AP19: 1 | AQ19: 1 | AR19: 1 | AS19: 1 | AT19: 1 | AU19: 1 | AV19: 1 | AW19: 1 | AX19: 1 | AY19: 1 | AZ19: 1 | BA19: 1 | BB19: 1 | BC19: =IF('Rules & Rate'!$B$2<=K19,1,0) -> 0 | BD19: =IF('Rules & Rate'!$B$2<=L19,1,0) -> 1 | BE19: =IF('Rules & Rate'!$B$2<=M19,1,0) -> 1 | BF19: =IF('Rules & Rate'!$B$2<=N19,1,0) -> 1 | BG19: =IF('Rules & Rate'!$B$3<=O19,1,0) -> 0 | BH19: =IF('Rules & Rate'!$B$3<=P19,1,0) -> 0 | BI19: =IF('Rules & Rate'!$B$2<=R19,1,0) -> 0 | BJ19: =IF('Rules & Rate'!$B$2<=S19,1,0) -> 0 | BK19: =IF('Rules & Rate'!$B$2<=T19,1,0) -> 1 | BL19: =IF('Rules & Rate'!$B$2<=U19,1,0) -> 1 | BM19: =IF('Rules & Rate'!$B$4<=V19,1,0) -> 0 | BN19: =IF('Rules & Rate'!$B$4<=W19,1,0) -> 0 | BO19: =IF('Rules & Rate'!$B$5<=X19,1,0) -> 1 | BP19: =IF('Rules & Rate'!$B$3<=Y19,1,0) -> 0 | BQ19: =IF('Rules & Rate'!$B$3<=Z19,1,0) -> 0 | BR19: =IF('Rules & Rate'!$B$2<=AC19,1,0) -> 0 | BS19: =IF('Rules & Rate'!$B$2<=AD19,1,0) -> 0 | BT19: =IF('Rules & Rate'!$B$2<=AE19,1,0) -> 1 | BU19: =IF('Rules & Rate'!$B$2<=AF19,1,0) -> 1 | BV19: =IF('Rules & Rate'!$B$6<=AG19,1,0) -> 0 | BW19: 59839.02 | BX19: =SUMPRODUCT(AH19:BA19,Labour!$B$2:$U$2) -> 382 | BY19: 146 | BZ19: =+BX19+BY19 -> 528 | CA19: =SUMPRODUCT(AH19:BA19,Labour!$B$3:$U$3) -> 348210.91 | CB19: =SUMPRODUCT(BC19:BV19,'Component $'!$B$10:$U$10) -> 92470.688 | CC19: =SUMPRODUCT(BC19:BV19,'Component $'!$B$9:$U$9) -> 9059.8878 | CD19: =SUMPRODUCT(BC19:BV19,'Component $'!$B$6:$U$6) -> 47308.8 | CE19: =SUMPRODUCT(BC19:BV19,'Component $'!$B$8:$U$8) -> 36102 | CF19: =+CA19+CB19 -> 440681.6
A20: 841 | B20: 1 | C20: 0 | D20: 1 | E20: 1 | F20: 1 | G20: 0.4 | H20: 0 | I20: 0 | J20: 0 | K20: 0.53639125 | L20: 0.53639125 | M20: 0.66284667 | N20: 0.66284667 | O20: 0.61301857 | P20: 0.2145565 | Q20: 0.2145565 | R20: 0.09220625 | S20: 0.121425 | T20: 0.3725445 | U20: 0.4468295 | V20: 0.97462 | W20: 1.135815 | X20: 0.61301857 | Y20: 0.71518833 | Z20: 0.71518833 | AA20: 0.9681 | AB20: 0.9681 | AC20: 0.09714 | AD20: 0.27532857 | AE20: 0.2791345 | AF20: 0.27532857 | AG20: 0.2145565 | AH20: 1 | AI20: 1 | AJ20: 1 | AK20: 1 | AL20: 1 | AM20: 1 | AN20: 3 | AO20: 0 | AP20: 1 | AQ20: 1 | AR20: 1 | AS20: 0 | AT20: 1 | AU20: 1 | AV20: 1 | AW20: 1 | AX20: 1 | AY20: 1 | AZ20: 1 | BA20: 1 | BB20: 1 | BC20: =IF('Rules & Rate'!$B$2<=K20,1,0) -> 1 | BD20: =IF('Rules & Rate'!$B$2<=L20,1,0) -> 1 | BE20: =IF('Rules & Rate'!$B$2<=M20,1,0) -> 1 | BF20: =IF('Rules & Rate'!$B$2<=N20,1,0) -> 1 | BG20: =IF('Rules & Rate'!$B$3<=O20,1,0) -> 1 | BH20: =IF('Rules & Rate'!$B$3<=P20,1,0) -> 0 | BI20: =IF('Rules & Rate'!$B$2<=R20,1,0) -> 0 | BJ20: =IF('Rules & Rate'!$B$2<=S20,1,0) -> 0 | BK20: =IF('Rules & Rate'!$B$2<=T20,1,0) -> 1 | BL20: =IF('Rules & Rate'!$B$2<=U20,1,0) -> 1 | BM20: =IF('Rules & Rate'!$B$4<=V20,1,0) -> 1 | BN20: =IF('Rules & Rate'!$B$4<=W20,1,0) -> 1 | BO20: =IF('Rules & Rate'!$B$5<=X20,1,0) -> 0 | BP20: =IF('Rules & Rate'!$B$3<=Y20,1,0) -> 1 | BQ20: =IF('Rules & Rate'!$B$3<=Z20,1,0) -> 1 | BR20: =IF('Rules & Rate'!$B$2<=AC20,1,0) -> 0 | BS20: =IF('Rules & Rate'!$B$2<=AD20,1,0) -> 0 | BT20: =IF('Rules & Rate'!$B$2<=AE20,1,0) -> 0 | BU20: =IF('Rules & Rate'!$B$2<=AF20,1,0) -> 0 | BV20: =IF('Rules & Rate'!$B$6<=AG20,1,0) -> 0 | BW20: 58086.01 | BX20: =SUMPRODUCT(AH20:BA20,Labour!$B$2:$U$2) -> 328 | BY20: 122 | BZ20: =+BX20+BY20 -> 450 | CA20: =SUMPRODUCT(AH20:BA20,Labour!$B$3:$U$3) -> 337244.22 | CB20: =SUMPRODUCT(BC20:BV20,'Component $'!$B$10:$U$10) -> 431606.27 | CC20: =SUMPRODUCT(BC20:BV20,'Component $'!$B$9:$U$9) -> 46825.47 | CD20: =SUMPRODUCT(BC20:BV20,'Component $'!$B$6:$U$6) -> 292292.8 | CE20: =SUMPRODUCT(BC20:BV20,'Component $'!$B$8:$U$8) -> 92488 | CF20: =+CA20+CB20 -> 768850.49
A21: 842 | B21: 1 | C21: 0 | D21: 1 | E21: 1 | F21: 1 | G21: 0.4 | H21: 0 | I21: 0 | J21: 0 | K21: 0.43228542 | L21: 0.43228542 | M21: 0.59740028 | N21: 0.59740028 | O21: 0.21965952 | P21: 0.89830867 | Q21: 0.17291417 | R21: 0.14578125 | S21: 0.14578125 | T21: 0.00991 | U21: 0.904417 | V21: 0.057344444 | W21: 0.57638056 | X21: 0.49404048 | Y21: 0.57638056 | Z21: 0.57638056 | AA21: 0.89830867 | AB21: 0.89830867 | AC21: 0.08472 | AD21: 0.16660714 | AE21: 0.08472 | AF21: 0.74106071 | AG21: 0.89830867 | AH21: 1 | AI21: 1 | AJ21: 1 | AK21: 1 | AL21: 1 | AM21: 1 | AN21: 4 | AO21: 1 | AP21: 1 | AQ21: 1 | AR21: 1 | AS21: 0 | AT21: 1 | AU21: 1 | AV21: 1 | AW21: 1 | AX21: 1 | AY21: 1 | AZ21: 1 | BA21: 1 | BB21: 1 | BC21: =IF('Rules & Rate'!$B$2<=K21,1,0) -> 1 | BD21: =IF('Rules & Rate'!$B$2<=L21,1,0) -> 1 | BE21: =IF('Rules & Rate'!$B$2<=M21,1,0) -> 1 | BF21: =IF('Rules & Rate'!$B$2<=N21,1,0) -> 1 | BG21: =IF('Rules & Rate'!$B$3<=O21,1,0) -> 0 | BH21: =IF('Rules & Rate'!$B$3<=P21,1,0) -> 1 | BI21: =IF('Rules & Rate'!$B$2<=R21,1,0) -> 0 | BJ21: =IF('Rules & Rate'!$B$2<=S21,1,0) -> 0 | BK21: =IF('Rules & Rate'!$B$2<=T21,1,0) -> 0 | BL21: =IF('Rules & Rate'!$B$2<=U21,1,0) -> 1 | BM21: =IF('Rules & Rate'!$B$4<=V21,1,0) -> 0 | BN21: =IF('Rules & Rate'!$B$4<=W21,1,0) -> 0 | BO21: =IF('Rules & Rate'!$B$5<=X21,1,0) -> 0 | BP21: =IF('Rules & Rate'!$B$3<=Y21,1,0) -> 1 | BQ21: =IF('Rules & Rate'!$B$3<=Z21,1,0) -> 1 | BR21: =IF('Rules & Rate'!$B$2<=AC21,1,0) -> 0 | BS21: =IF('Rules & Rate'!$B$2<=AD21,1,0) -> 0 | BT21: =IF('Rules & Rate'!$B$2<=AE21,1,0) -> 0 | BU21: =IF('Rules & Rate'!$B$2<=AF21,1,0) -> 1 | BV21: =IF('Rules & Rate'!$B$6<=AG21,1,0) -> 1 | BW21: 53901.38 | BX21: =SUMPRODUCT(AH21:BA21,Labour!$B$2:$U$2) -> 346 | BY21: 178 | BZ21: =+BX21+BY21 -> 524 | CA21: =SUMPRODUCT(AH21:BA21,Labour!$B$3:$U$3) -> 378144.53 | CB21: =SUMPRODUCT(BC21:BV21,'Component $'!$B$10:$U$10) -> 139977.95 | CC21: =SUMPRODUCT(BC21:BV21,'Component $'!$B$9:$U$9) -> 37434.101 | CD21: =SUMPRODUCT(BC21:BV21,'Component $'!$B$6:$U$6) -> 66890.85 | CE21: =SUMPRODUCT(BC21:BV21,'Component $'!$B$8:$U$8) -> 35653 | CF21: =+CA21+CB21 -> 518122.48
A22: 843 | B22: 1 | C22: 0 | D22: 1 | E22: 2 | F22: 0 | G22: 0.4 | H22: 0.13953488 | I22: 0.055813953 | J22: 720 | K22: 0.73590875 | L22: 0.73590875 | M22: 0.47830944 | N22: 0.3663625 | O22: 0.78167857 | P22: 0.29311617 | Q22: 0.9553255 | R22: 0.73158437 | S22: 0.60630938 | T22: 0.758124 | U22: 0.5383675 | V22: 0.31763611 | W22: 1.2400994 | X22: 0.78167857 | Y22: 0.31653611 | AA22: 0.9553255 | AB22: 0.9553255 | AC22: 0.09418 | AD22: 0.099607143 | AE22: 0.09418 | AF22: 0.20407143 | AG22: 0.9553255 | AH22: 1 | AI22: 1 | AJ22: 1 | AK22: 1 | AL22: 1 | AM22: 1 | AN22: 4 | AO22: 1 | AP22: 1 | AQ22: 1 | AR22: 1 | AS22: 0 | AT22: 0 | AU22: 1 | AV22: 1 | AW22: 1 | AX22: 1 | AY22: 1 | AZ22: 1 | BA22: 1 | BB22: 1 | BC22: =IF('Rules & Rate'!$B$2<=K22,1,0) -> 1 | BD22: =IF('Rules & Rate'!$B$2<=L22,1,0) -> 1 | BE22: =IF('Rules & Rate'!$B$2<=M22,1,0) -> 1 | BF22: =IF('Rules & Rate'!$B$2<=N22,1,0) -> 1 | BG22: =IF('Rules & Rate'!$B$3<=O22,1,0) -> 1 | BH22: =IF('Rules & Rate'!$B$3<=P22,1,0) -> 0 | BI22: =IF('Rules & Rate'!$B$2<=R22,1,0) -> 1 | BJ22: =IF('Rules & Rate'!$B$2<=S22,1,0) -> 1 | BK22: =IF('Rules & Rate'!$B$2<=T22,1,0) -> 1 | BL22: =IF('Rules & Rate'!$B$2<=U22,1,0) -> 1 | BM22: =IF('Rules & Rate'!$B$4<=V22,1,0) -> 0 | BN22: =IF('Rules & Rate'!$B$4<=W22,1,0) -> 1 | BO22: =IF('Rules & Rate'!$B$5<=X22,1,0) -> 1 | BP22: =IF('Rules & Rate'!$B$3<=Y22,1,0) -> 0 | BQ22: =IF('Rules & Rate'!$B$3<=Z22,1,0) -> 0 | BR22: =IF('Rules & Rate'!$B$2<=AC22,1,0) -> 0 | BS22: =IF('Rules & Rate'!$B$2<=AD22,1,0) -> 0 | BT22: =IF('Rules & Rate'!$B$2<=AE22,1,0) -> 0 | BU22: =IF('Rules & Rate'!$B$2<=AF22,1,0) -> 0 | BV22: =IF('Rules & Rate'!$B$6<=AG22,1,0) -> 1 | BW22: 57319.53 | BX22: =SUMPRODUCT(AH22:BA22,Labour!$B$2:$U$2) -> 298 | BY22: 185 | BZ22: =+BX22+BY22 -> 483 | CA22: =SUMPRODUCT(AH22:BA22,Labour!$B$3:$U$3) -> 359598.53 | CB22: =SUMPRODUCT(BC22:BV22,'Component $'!$B$10:$U$10) -> 332254.15 | CC22: =SUMPRODUCT(BC22:BV22,'Component $'!$B$9:$U$9) -> 34115.346 | CD22: =SUMPRODUCT(BC22:BV22,'Component $'!$B$6:$U$6) -> 192448.8 | CE22: =SUMPRODUCT(BC22:BV22,'Component $'!$B$8:$U$8) -> 105690 | CF22: =+CA22+CB22 -> 691852.68
A23: 844 | B23: 1 | C23: 1 | D23: 2 | E23: 1 | F23: 0 | G23: 0.5 | H23: 0.18023256 | I23: 0.090116279 | J23: 930 | K23: 0.50611042 | L23: 0.50611042 | M23: 0.75047111 | N23: 0.75047111 | O23: 0.35014524 | P23: 0.98781067 | Q23: 0.20244417 | R23: 0.93364375 | S23: 0.13405625 | T23: 0.107345 | U23: 0.107345 | V23: 0.22408889 | W23: 0.032444444 | X23: 0.5784119 | Y23: 0.67481389 | Z23: 0.67476389 | AA23: 0.98781067 | AB23: 0.98781067 | AC23: 0.3718875 | AD23: 0.33708571 | AE23: 0.6073325 | AF23: 0.29926429 | AG23: 0.98781067 | AH23: 1 | AI23: 1 | AJ23: 1 | AK23: 1 | AL23: 1 | AM23: 1 | AN23: 2 | AO23: 0 | AP23: 1 | AQ23: 1 | AR23: 1 | AS23: 1 | AT23: 0 | AU23: 1 | AV23: 1 | AW23: 1 | AX23: 1 | AY23: 1 | AZ23: 1 | BA23: 1 | BB23: 1 | BC23: =IF('Rules & Rate'!$B$2<=K23,1,0) -> 1 | BD23: =IF('Rules & Rate'!$B$2<=L23,1,0) -> 1 | BE23: =IF('Rules & Rate'!$B$2<=M23,1,0) -> 1 | BF23: =IF('Rules & Rate'!$B$2<=N23,1,0) -> 1 | BG23: =IF('Rules & Rate'!$B$3<=O23,1,0) -> 0 | BH23: =IF('Rules & Rate'!$B$3<=P23,1,0) -> 1 | BI23: =IF('Rules & Rate'!$B$2<=R23,1,0) -> 1 | BJ23: =IF('Rules & Rate'!$B$2<=S23,1,0) -> 0 | BK23: =IF('Rules & Rate'!$B$2<=T23,1,0) -> 0 | BL23: =IF('Rules & Rate'!$B$2<=U23,1,0) -> 0 | BM23: =IF('Rules & Rate'!$B$4<=V23,1,0) -> 0 | BN23: =IF('Rules & Rate'!$B$4<=W23,1,0) -> 0 | BO23: =IF('Rules & Rate'!$B$5<=X23,1,0) -> 0 | BP23: =IF('Rules & Rate'!$B$3<=Y23,1,0) -> 1 | BQ23: =IF('Rules & Rate'!$B$3<=Z23,1,0) -> 1 | BR23: =IF('Rules & Rate'!$B$2<=AC23,1,0) -> 1 | BS23: =IF('Rules & Rate'!$B$2<=AD23,1,0) -> 1 | BT23: =IF('Rules & Rate'!$B$2<=AE23,1,0) -> 1 | BU23: =IF('Rules & Rate'!$B$2<=AF23,1,0) -> 0 | BV23: =IF('Rules & Rate'!$B$6<=AG23,1,0) -> 1 | BW23: 59163.34 | BX23: =SUMPRODUCT(AH23:BA23,Labour!$B$2:$U$2) -> 322 | BY23: 192 | BZ23: =+BX23+BY23 -> 514 | CA23: =SUMPRODUCT(AH23:BA23,Labour!$B$3:$U$3) -> 314252.91 | CB23: =SUMPRODUCT(BC23:BV23,'Component $'!$B$10:$U$10) -> 185696.16 | CC23: =SUMPRODUCT(BC23:BV23,'Component $'!$B$9:$U$9) -> 44606.257 | CD23: =SUMPRODUCT(BC23:BV23,'Component $'!$B$6:$U$6) -> 77178.9 | CE23: =SUMPRODUCT(BC23:BV23,'Component $'!$B$8:$U$8) -> 63911 | CF23: =+CA23+CB23 -> 499949.07
A24: 845 | B24: 1 | C24: 1 | D24: 1 | E24: 2 | F24: 1 | G24: 0.6 | H24: 0.46124031 | I24: 0.27674419 | J24: 2380 | K24: 0.45362708 | L24: 0.45362708 | M24: 0.30638472 | N24: 0.30638472 | O24: 0.51843095 | P24: 0.9648125 | Q24: 0.18145083 | R24: 0.2617 | S24: 0.17585 | T24: 1.153738 | U24: 0.06271 | V24: 0.60483611 | W24: 0.15631111 | X24: 0.51843095 | Y24: 0.475025 | Z24: 0.15631111 | AA24: 0.9648125 | AB24: 0.9648125 | AC24: 0.5443525 | AD24: 0.019785714 | AE24: 0.090055 | AF24: 0.019785714 | AG24: 0.9648125 | AH24: 1 | AI24: 1 | AJ24: 1 | AK24: 1 | AL24: 1 | AM24: 1 | AN24: 2 | AO24: 1 | AP24: 1 | AQ24: 1 | AR24: 1 | AS24: 1 | AT24: 1 | AU24: 1 | AV24: 1 | AW24: 1 | AX24: 1 | AY24: 1 | AZ24: 1 | BA24: 1 | BB24: 1 | BC24: =IF('Rules & Rate'!$B$2<=K24,1,0) -> 1 | BD24: =IF('Rules & Rate'!$B$2<=L24,1,0) -> 1 | BE24: =IF('Rules & Rate'!$B$2<=M24,1,0) -> 1 | BF24: =IF('Rules & Rate'!$B$2<=N24,1,0) -> 1 | BG24: =IF('Rules & Rate'!$B$3<=O24,1,0) -> 1 | BH24: =IF('Rules & Rate'!$B$3<=P24,1,0) -> 1 | BI24: =IF('Rules & Rate'!$B$2<=R24,1,0) -> 0 | BJ24: =IF('Rules & Rate'!$B$2<=S24,1,0) -> 0 | BK24: =IF('Rules & Rate'!$B$2<=T24,1,0) -> 1 | BL24: =IF('Rules & Rate'!$B$2<=U24,1,0) -> 0 | BM24: =IF('Rules & Rate'!$B$4<=V24,1,0) -> 0 | BN24: =IF('Rules & Rate'!$B$4<=W24,1,0) -> 0 | BO24: =IF('Rules & Rate'!$B$5<=X24,1,0) -> 0 | BP24: =IF('Rules & Rate'!$B$3<=Y24,1,0) -> 0 | BQ24: =IF('Rules & Rate'!$B$3<=Z24,1,0) -> 0 | BR24: =IF('Rules & Rate'!$B$2<=AC24,1,0) -> 1 | BS24: =IF('Rules & Rate'!$B$2<=AD24,1,0) -> 0 | BT24: =IF('Rules & Rate'!$B$2<=AE24,1,0) -> 0 | BU24: =IF('Rules & Rate'!$B$2<=AF24,1,0) -> 0 | BV24: =IF('Rules & Rate'!$B$6<=AG24,1,0) -> 1 | BW24: 57888.75 | BX24: =SUMPRODUCT(AH24:BA24,Labour!$B$2:$U$2) -> 382 | BY24: 174 | BZ24: =+BX24+BY24 -> 556 | CA24: =SUMPRODUCT(AH24:BA24,Labour!$B$3:$U$3) -> 348210.91 | CB24: =SUMPRODUCT(BC24:BV24,'Component $'!$B$10:$U$10) -> 107593.05 | CC24: =SUMPRODUCT(BC24:BV24,'Component $'!$B$9:$U$9) -> 26858.201 | CD24: =SUMPRODUCT(BC24:BV24,'Component $'!$B$6:$U$6) -> 46341.85 | CE24: =SUMPRODUCT(BC24:BV24,'Component $'!$B$8:$U$8) -> 34393 | CF24: =+CA24+CB24 -> 455803.96
A25: 846 | B25: 1 | C25: 0 | D25: 1 | E25: 1 | F25: 1 | G25: 0.4 | H25: 0.096899225 | I25: 0.03875969 | J25: 500 | K25: 0.76016333 | L25: 0.76016333 | M25: 0.76737444 | N25: 0.76737444 | O25: 0.8687581 | P25: 0.30406533 | Q25: 0.970018 | R25: 0.31133 | S25: 0.19045625 | T25: 0 | U25: 0.695525 | V25: 0.087838889 | W25: 0.47514333 | X25: 0.8687581 | Y25: 0.087838889 | Z25: 1.0135511 | AA25: 0.970018 | AB25: 0.970018 | AC25: 0.801356 | AD25: 0.088528571 | AE25: 0.464969 | AF25: 0.18425714 | AG25: 0.30406533 | AH25: 1 | AI25: 1 | AJ25: 1 | AK25: 1 | AL25: 1 | AM25: 1 | AN25: 3 | AO25: 1 | AP25: 1 | AQ25: 1 | AR25: 1 | AS25: 0 | AT25: 1 | AU25: 1 | AV25: 1 | AW25: 1 | AX25: 1 | AY25: 1 | AZ25: 1 | BA25: 1 | BB25: 1 | BC25: =IF('Rules & Rate'!$B$2<=K25,1,0) -> 1 | BD25: =IF('Rules & Rate'!$B$2<=L25,1,0) -> 1 | BE25: =IF('Rules & Rate'!$B$2<=M25,1,0) -> 1 | BF25: =IF('Rules & Rate'!$B$2<=N25,1,0) -> 1 | BG25: =IF('Rules & Rate'!$B$3<=O25,1,0) -> 1 | BH25: =IF('Rules & Rate'!$B$3<=P25,1,0) -> 0 | BI25: =IF('Rules & Rate'!$B$2<=R25,1,0) -> 1 | BJ25: =IF('Rules & Rate'!$B$2<=S25,1,0) -> 0 | BK25: =IF('Rules & Rate'!$B$2<=T25,1,0) -> 0 | BL25: =IF('Rules & Rate'!$B$2<=U25,1,0) -> 1 | BM25: =IF('Rules & Rate'!$B$4<=V25,1,0) -> 0 | BN25: =IF('Rules & Rate'!$B$4<=W25,1,0) -> 0 | BO25: =IF('Rules & Rate'!$B$5<=X25,1,0) -> 1 | BP25: =IF('Rules & Rate'!$B$3<=Y25,1,0) -> 0 | BQ25: =IF('Rules & Rate'!$B$3<=Z25,1,0) -> 1 | BR25: =IF('Rules & Rate'!$B$2<=AC25,1,0) -> 1 | BS25: =IF('Rules & Rate'!$B$2<=AD25,1,0) -> 0 | BT25: =IF('Rules & Rate'!$B$2<=AE25,1,0) -> 1 | BU25: =IF('Rules & Rate'!$B$2<=AF25,1,0) -> 0 | BV25: =IF('Rules & Rate'!$B$6<=AG25,1,0) -> 0 | BW25: 58168.48 | BX25: =SUMPRODUCT(AH25:BA25,Labour!$B$2:$U$2) -> 340 | BY25: 182 | BZ25: =+BX25+BY25 -> 522 | CA25: =SUMPRODUCT(AH25:BA25,Labour!$B$3:$U$3) -> 352656.22 | CB25: =SUMPRODUCT(BC25:BV25,'Component $'!$B$10:$U$10) -> 177506.18 | CC25: =SUMPRODUCT(BC25:BV25,'Component $'!$B$9:$U$9) -> 33615.326 | CD25: =SUMPRODUCT(BC25:BV25,'Component $'!$B$6:$U$6) -> 89944.85 | CE25: =SUMPRODUCT(BC25:BV25,'Component $'!$B$8:$U$8) -> 53946 | CF25: =+CA25+CB25 -> 530162.4
A26: 847 | B26: 1 | C26: 1 | D26: 2 | E26: 2 | F26: 2 | G26: 0.8 | H26: 1 | I26: 0.8 | J26: 5160 | K26: 0.66458 | L26: 0.66458 | M26: 0.66856722 | N26: 0.66856722 | O26: 0.12678095 | P26: 0.265832 | Q26: 0.93504967 | R26: 0.99687 | S26: 0.99687 | T26: 0.9861025 | U26: 0.9861025 | V26: 0.14891111 | W26: 0.14891111 | X26: 0.12678095 | Y26: 1.3619644 | Z26: 0.29001222 | AA26: 0.93504967 | AB26: 0.93504967 | AC26: 0.569386 | AD26: 0.28374286 | AE26: 0.18017 | AF26: 0.24990714 | AG26: 0.93504967 | AH26: 1 | AI26: 1 | AJ26: 1 | AK26: 1 | AL26: 1 | AM26: 1 | AN26: 2 | AO26: 1 | AP26: 1 | AQ26: 1 | AR26: 1 | AS26: 1 | AT26: 1 | AU26: 1 | AV26: 1 | AW26: 1 | AX26: 1 | AY26: 1 | AZ26: 1 | BA26: 1 | BB26: 1 | BC26: =IF('Rules & Rate'!$B$2<=K26,1,0) -> 1 | BD26: =IF('Rules & Rate'!$B$2<=L26,1,0) -> 1 | BE26: =IF('Rules & Rate'!$B$2<=M26,1,0) -> 1 | BF26: =IF('Rules & Rate'!$B$2<=N26,1,0) -> 1 | BG26: =IF('Rules & Rate'!$B$3<=O26,1,0) -> 0 | BH26: =IF('Rules & Rate'!$B$3<=P26,1,0) -> 0 | BI26: =IF('Rules & Rate'!$B$2<=R26,1,0) -> 1 | BJ26: =IF('Rules & Rate'!$B$2<=S26,1,0) -> 1 | BK26: =IF('Rules & Rate'!$B$2<=T26,1,0) -> 1 | BL26: =IF('Rules & Rate'!$B$2<=U26,1,0) -> 1 | BM26: =IF('Rules & Rate'!$B$4<=V26,1,0) -> 0 | BN26: =IF('Rules & Rate'!$B$4<=W26,1,0) -> 0 | BO26: =IF('Rules & Rate'!$B$5<=X26,1,0) -> 0 | BP26: =IF('Rules & Rate'!$B$3<=Y26,1,0) -> 1 | BQ26: =IF('Rules & Rate'!$B$3<=Z26,1,0) -> 0 | BR26: =IF('Rules & Rate'!$B$2<=AC26,1,0) -> 1 | BS26: =IF('Rules & Rate'!$B$2<=AD26,1,0) -> 0 | BT26: =IF('Rules & Rate'!$B$2<=AE26,1,0) -> 0 | BU26: =IF('Rules & Rate'!$B$2<=AF26,1,0) -> 0 | BV26: =IF('Rules & Rate'!$B$6<=AG26,1,0) -> 1 | BW26: 55992.98 | BX26: =SUMPRODUCT(AH26:BA26,Labour!$B$2:$U$2) -> 382 | BY26: 180 | BZ26: =+BX26+BY26 -> 562 | CA26: =SUMPRODUCT(AH26:BA26,Labour!$B$3:$U$3) -> 348210.91 | CB26: =SUMPRODUCT(BC26:BV26,'Component $'!$B$10:$U$10) -> 150983.25 | CC26: =SUMPRODUCT(BC26:BV26,'Component $'!$B$9:$U$9) -> 30243.452 | CD26: =SUMPRODUCT(BC26:BV26,'Component $'!$B$6:$U$6) -> 41997.8 | CE26: =SUMPRODUCT(BC26:BV26,'Component $'!$B$8:$U$8) -> 78742 | CF26: =+CA26+CB26 -> 499194.16
A27: 848 | B27: 2 | C27: 0 | D27: 1 | E27: 2 | F27: 1 | G27: 0.6 | H27: 0.15503876 | I27: 0.093023256 | J27: 800 | K27: 0.42574125 | L27: 0.42574125 | M27: 0.68668306 | N27: 0.68668306 | O27: 0.48844238 | P27: 0.95747533 | Q27: 0.1702965 | R27: 0.55072438 | S27: 0.64108062 | T27: 0.020885 | U27: 0.5128245 | V27: 0.567655 | W27: 0.567655 | X27: 0.48844238 | Y27: 0.567655 | Z27: 0.44719389 | AA27: 0.95747533 | AB27: 0.95747533 | AC27: 0.4428945 | AD27: 0.420585 | AE27: 0.5108895 | AF27: 0.35202143 | AG27: 0.95747533 | AH27: 1 | AI27: 1 | AJ27: 1 | AK27: 1 | AL27: 1 | AM27: 1 | AN27: 3 | AO27: 1 | AP27: 1 | AQ27: 1 | AR27: 1 | AS27: 0 | AT27: 1 | AU27: 1 | AV27: 1 | AW27: 1 | AX27: 1 | AY27: 1 | AZ27: 1 | BA27: 1 | BB27: 1 | BC27: =IF('Rules & Rate'!$B$2<=K27,1,0) -> 1 | BD27: =IF('Rules & Rate'!$B$2<=L27,1,0) -> 1 | BE27: =IF('Rules & Rate'!$B$2<=M27,1,0) -> 1 | BF27: =IF('Rules & Rate'!$B$2<=N27,1,0) -> 1 | BG27: =IF('Rules & Rate'!$B$3<=O27,1,0) -> 0 | BH27: =IF('Rules & Rate'!$B$3<=P27,1,0) -> 1 | BI27: =IF('Rules & Rate'!$B$2<=R27,1,0) -> 1 | BJ27: =IF('Rules & Rate'!$B$2<=S27,1,0) -> 1 | BK27: =IF('Rules & Rate'!$B$2<=T27,1,0) -> 0 | BL27: =IF('Rules & Rate'!$B$2<=U27,1,0) -> 1 | BM27: =IF('Rules & Rate'!$B$4<=V27,1,0) -> 0 | BN27: =IF('Rules & Rate'!$B$4<=W27,1,0) -> 0 | BO27: =IF('Rules & Rate'!$B$5<=X27,1,0) -> 0 | BP27: =IF('Rules & Rate'!$B$3<=Y27,1,0) -> 1 | BQ27: =IF('Rules & Rate'!$B$3<=Z27,1,0) -> 0 | BR27: =IF('Rules & Rate'!$B$2<=AC27,1,0) -> 1 | BS27: =IF('Rules & Rate'!$B$2<=AD27,1,0) -> 1 | BT27: =IF('Rules & Rate'!$B$2<=AE27,1,0) -> 1 | BU27: =IF('Rules & Rate'!$B$2<=AF27,1,0) -> 1 | BV27: =IF('Rules & Rate'!$B$6<=AG27,1,0) -> 1 | BW27: 57381.52 | BX27: =SUMPRODUCT(AH27:BA27,Labour!$B$2:$U$2) -> 340 | BY27: 197 | BZ27: =+BX27+BY27 -> 537 | CA27: =SUMPRODUCT(AH27:BA27,Labour!$B$3:$U$3) -> 352656.22 | CB27: =SUMPRODUCT(BC27:BV27,'Component $'!$B$10:$U$10) -> 203274.65 | CC27: =SUMPRODUCT(BC27:BV27,'Component $'!$B$9:$U$9) -> 40436.797 | CD27: =SUMPRODUCT(BC27:BV27,'Component $'!$B$6:$U$6) -> 66766.85 | CE27: =SUMPRODUCT(BC27:BV27,'Component $'!$B$8:$U$8) -> 96071 | CF27: =+CA27+CB27 -> 555930.87
A28: 849 | B28: 1 | C28: 0 | D28: 2 | E28: 2 | F28: 0 | G28: 0.5 | H28: 0.58139535 | I28: 0.29069767 | J28: 3000 | K28: 1.4743921 | L28: 1.1795137 | M28: 0.58472667 | N28: 0.586115 | O28: 0.42998667 | P28: 0.58975683 | Q28: 0.58975683 | R28: 0.155625 | S28: 0.79022625 | T28: 0.8204245 | U28: 0.9025295 | V28: 0.067216667 | W28: 0.23485 | X28: 0.42998667 | Y28: 0.57174 | Z28: 0.49307333 | AA28: 0.58975683 | AB28: 0.58975683 | AC28: 0.488346 | AD28: 0.064964286 | AE28: 0.149105 | AF28: 0.24755714 | AG28: 0.58975683 | AH28: 1 | AI28: 1 | AJ28: 1 | AK28: 1 | AL28: 1 | AM28: 1 | AN28: 2 | AO28: 1 | AP28: 1 | AQ28: 1 | AR28: 1 | AS28: 1 | AT28: 1 | AU28: 1 | AV28: 1 | AW28: 1 | AX28: 1 | AY28: 1 | AZ28: 1 | BA28: 1 | BB28: 1 | BC28: =IF('Rules & Rate'!$B$2<=K28,1,0) -> 1 | BD28: =IF('Rules & Rate'!$B$2<=L28,1,0) -> 1 | BE28: =IF('Rules & Rate'!$B$2<=M28,1,0) -> 1 | BF28: =IF('Rules & Rate'!$B$2<=N28,1,0) -> 1 | BG28: =IF('Rules & Rate'!$B$3<=O28,1,0) -> 0 | BH28: =IF('Rules & Rate'!$B$3<=P28,1,0) -> 1 | BI28: =IF('Rules & Rate'!$B$2<=R28,1,0) -> 0 | BJ28: =IF('Rules & Rate'!$B$2<=S28,1,0) -> 1 | BK28: =IF('Rules & Rate'!$B$2<=T28,1,0) -> 1 | BL28: =IF('Rules & Rate'!$B$2<=U28,1,0) -> 1 | BM28: =IF('Rules & Rate'!$B$4<=V28,1,0) -> 0 | BN28: =IF('Rules & Rate'!$B$4<=W28,1,0) -> 0 | BO28: =IF('Rules & Rate'!$B$5<=X28,1,0) -> 0 | BP28: =IF('Rules & Rate'!$B$3<=Y28,1,0) -> 1 | BQ28: =IF('Rules & Rate'!$B$3<=Z28,1,0) -> 0 | BR28: =IF('Rules & Rate'!$B$2<=AC28,1,0) -> 1 | BS28: =IF('Rules & Rate'!$B$2<=AD28,1,0) -> 0 | BT28: =IF('Rules & Rate'!$B$2<=AE28,1,0) -> 0 | BU28: =IF('Rules & Rate'!$B$2<=AF28,1,0) -> 0 | BV28: =IF('Rules & Rate'!$B$6<=AG28,1,0) -> 0 | BW28: 35281.41 | BX28: =SUMPRODUCT(AH28:BA28,Labour!$B$2:$U$2) -> 382 | BY28: 196 | BZ28: =+BX28+BY28 -> 578 | CA28: =SUMPRODUCT(AH28:BA28,Labour!$B$3:$U$3) -> 348210.91 | CB28: =SUMPRODUCT(BC28:BV28,'Component $'!$B$10:$U$10) -> 118585.33 | CC28: =SUMPRODUCT(BC28:BV28,'Component $'!$B$9:$U$9) -> 24878.534 | CD28: =SUMPRODUCT(BC28:BV28,'Component $'!$B$6:$U$6) -> 41665.8 | CE28: =SUMPRODUCT(BC28:BV28,'Component $'!$B$8:$U$8) -> 52041 | CF28: =+CA28+CB28 -> 466796.24
A29: 850 | B29: 1 | C29: 0 | D29: 1 | E29: 1 | F29: 0 | G29: 0.3 | H29: 0.1744186 | I29: 0.052325581 | J29: 900 | K29: 0.35949917 | L29: 0.28759933 | M29: 0.981565 | N29: 0.981565 | O29: 0.017785714 | P29: 0.588939 | Q29: 0.588939 | R29: 0.1149625 | S29: 0.7247925 | T29: 0.00714 | U29: 0.00714 | V29: 0 | W29: 0.66574333 | X29: 0.54950381 | Y29: 0.66574333 | Z29: 0.66574333 | AA29: 0.588939 | AB29: 0.588939 | AC29: 0.303714 | AD29: 0.082014286 | AE29: 0.381394 | AF29: 0.44153429 | AG29: 0.588939 | AH29: 1 | AI29: 1 | AJ29: 1 | AK29: 1 | AL29: 1 | AM29: 1 | AN29: 2 | AO29: 0 | AP29: 1 | AQ29: 1 | AR29: 1 | AS29: 0 | AT29: 0 | AU29: 1 | AV29: 1 | AW29: 1 | AX29: 1 | AY29: 1 | AZ29: 1 | BA29: 1 | BB29: 1 | BC29: =IF('Rules & Rate'!$B$2<=K29,1,0) -> 1 | BD29: =IF('Rules & Rate'!$B$2<=L29,1,0) -> 0 | BE29: =IF('Rules & Rate'!$B$2<=M29,1,0) -> 1 | BF29: =IF('Rules & Rate'!$B$2<=N29,1,0) -> 1 | BG29: =IF('Rules & Rate'!$B$3<=O29,1,0) -> 0 | BH29: =IF('Rules & Rate'!$B$3<=P29,1,0) -> 1 | BI29: =IF('Rules & Rate'!$B$2<=R29,1,0) -> 0 | BJ29: =IF('Rules & Rate'!$B$2<=S29,1,0) -> 1 | BK29: =IF('Rules & Rate'!$B$2<=T29,1,0) -> 0 | BL29: =IF('Rules & Rate'!$B$2<=U29,1,0) -> 0 | BM29: =IF('Rules & Rate'!$B$4<=V29,1,0) -> 0 | BN29: =IF('Rules & Rate'!$B$4<=W29,1,0) -> 0 | BO29: =IF('Rules & Rate'!$B$5<=X29,1,0) -> 0 | BP29: =IF('Rules & Rate'!$B$3<=Y29,1,0) -> 1 | BQ29: =IF('Rules & Rate'!$B$3<=Z29,1,0) -> 1 | BR29: =IF('Rules & Rate'!$B$2<=AC29,1,0) -> 1 | BS29: =IF('Rules & Rate'!$B$2<=AD29,1,0) -> 0 | BT29: =IF('Rules & Rate'!$B$2<=AE29,1,0) -> 1 | BU29: =IF('Rules & Rate'!$B$2<=AF29,1,0) -> 1 | BV29: =IF('Rules & Rate'!$B$6<=AG29,1,0) -> 0 | BW29: 35336.34 | BX29: =SUMPRODUCT(AH29:BA29,Labour!$B$2:$U$2) -> 274 | BY29: 208 | BZ29: =+BX29+BY29 -> 482 | CA29: =SUMPRODUCT(AH29:BA29,Labour!$B$3:$U$3) -> 293209.91 | CB29: =SUMPRODUCT(BC29:BV29,'Component $'!$B$10:$U$10) -> 159259.46 | CC29: =SUMPRODUCT(BC29:BV29,'Component $'!$B$9:$U$9) -> 37731.562 | CD29: =SUMPRODUCT(BC29:BV29,'Component $'!$B$6:$U$6) -> 68166.9 | CE29: =SUMPRODUCT(BC29:BV29,'Component $'!$B$8:$U$8) -> 53361 | CF29: =+CA29+CB29 -> 452469.37
A30: 851 | B30: 0 | C30: 0 | D30: 1 | E30: 1 | F30: 0 | G30: 0.2 | H30: 0.091085271 | I30: 0.018217054 | J30: 470 | K30: 1.4557725 | L30: 1.164618 | M30: 0.970515 | N30: 0.970515 | O30: 0.35298714 | P30: 0.582309 | Q30: 0.582309 | R30: 0.1266875 | S30: 0.47138313 | T30: 1.227715 | U30: 0.4638715 | V30: 0.22395556 | W30: 0.66874056 | X30: 0.35298714 | Y30: 0.326735 | Z30: 0.326735 | AA30: 0.582309 | AB30: 0.582309 | AC30: 0.10135 | AD30: 0.60568071 | AE30: 0.0775 | AF30: 0.14478571 | AG30: 0.582309 | AH30: 1 | AI30: 1 | AJ30: 1 | AK30: 1 | AL30: 1 | AM30: 1 | AN30: 3 | AO30: 1 | AP30: 1 | AQ30: 1 | AR30: 1 | AS30: 0 | AT30: 0 | AU30: 1 | AV30: 1 | AW30: 1 | AX30: 1 | AY30: 1 | AZ30: 1 | BA30: 1 | BB30: 1 | BC30: =IF('Rules & Rate'!$B$2<=K30,1,0) -> 1 | BD30: =IF('Rules & Rate'!$B$2<=L30,1,0) -> 1 | BE30: =IF('Rules & Rate'!$B$2<=M30,1,0) -> 1 | BF30: =IF('Rules & Rate'!$B$2<=N30,1,0) -> 1 | BG30: =IF('Rules & Rate'!$B$3<=O30,1,0) -> 0 | BH30: =IF('Rules & Rate'!$B$3<=P30,1,0) -> 1 | BI30: =IF('Rules & Rate'!$B$2<=R30,1,0) -> 0 | BJ30: =IF('Rules & Rate'!$B$2<=S30,1,0) -> 1 | BK30: =IF('Rules & Rate'!$B$2<=T30,1,0) -> 1 | BL30: =IF('Rules & Rate'!$B$2<=U30,1,0) -> 1 | BM30: =IF('Rules & Rate'!$B$4<=V30,1,0) -> 0 | BN30: =IF('Rules & Rate'!$B$4<=W30,1,0) -> 0 | BO30: =IF('Rules & Rate'!$B$5<=X30,1,0) -> 0 | BP30: =IF('Rules & Rate'!$B$3<=Y30,1,0) -> 0 | BQ30: =IF('Rules & Rate'!$B$3<=Z30,1,0) -> 0 | BR30: =IF('Rules & Rate'!$B$2<=AC30,1,0) -> 0 | BS30: =IF('Rules & Rate'!$B$2<=AD30,1,0) -> 1 | BT30: =IF('Rules & Rate'!$B$2<=AE30,1,0) -> 0 | BU30: =IF('Rules & Rate'!$B$2<=AF30,1,0) -> 0 | BV30: =IF('Rules & Rate'!$B$6<=AG30,1,0) -> 0 | BW30: 34938.54 | BX30: =SUMPRODUCT(AH30:BA30,Labour!$B$2:$U$2) -> 292 | BY30: 182 | BZ30: =+BX30+BY30 -> 474 | CA30: =SUMPRODUCT(AH30:BA30,Labour!$B$3:$U$3) -> 334110.22 | CB30: =SUMPRODUCT(BC30:BV30,'Component $'!$B$10:$U$10) -> 91102.434 | CC30: =SUMPRODUCT(BC30:BV30,'Component $'!$B$9:$U$9) -> 14302.634 | CD30: =SUMPRODUCT(BC30:BV30,'Component $'!$B$6:$U$6) -> 23498.8 | CE30: =SUMPRODUCT(BC30:BV30,'Component $'!$B$8:$U$8) -> 53301 | CF30: =+CA30+CB30 -> 425212.65
A31: 852 | B31: 1 | C31: 0 | D31: 0 | E31: 2 | F31: 1 | G31: 0.4 | H31: 0.80426357 | I31: 0.32170543 | J31: 4150 | K31: 1.4061871 | L31: 1.1249497 | M31: 0.93745806 | N31: 0.93745806 | O31: 0.40643381 | P31: 0.56247483 | Q31: 0.56247483 | R31: 0.35753187 | S31: 0.35753187 | T31: 0.941354 | U31: 0.011975 | V31: 0.10303889 | W31: 0.90208556 | X31: 0.46831952 | Y31: 0.21588889 | Z31: 0.58836167 | AA31: 0.56247483 | AB31: 0.56247483 | AC31: 0.13559 | AD31: 0.389115 | AE31: 0.2860255 | AF31: 0.38940786 | AG31: 0.56247483 | AH31: 1 | AI31: 1 | AJ31: 1 | AK31: 1 | AL31: 1 | AM31: 1 | AN31: 2 | AO31: 1 | AP31: 1 | AQ31: 1 | AR31: 1 | AS31: 1 | AT31: 1 | AU31: 1 | AV31: 1 | AW31: 1 | AX31: 1 | AY31: 1 | AZ31: 1 | BA31: 1 | BB31: 1 | BC31: =IF('Rules & Rate'!$B$2<=K31,1,0) -> 1 | BD31: =IF('Rules & Rate'!$B$2<=L31,1,0) -> 1 | BE31: =IF('Rules & Rate'!$B$2<=M31,1,0) -> 1 | BF31: =IF('Rules & Rate'!$B$2<=N31,1,0) -> 1 | BG31: =IF('Rules & Rate'!$B$3<=O31,1,0) -> 0 | BH31: =IF('Rules & Rate'!$B$3<=P31,1,0) -> 1 | BI31: =IF('Rules & Rate'!$B$2<=R31,1,0) -> 1 | BJ31: =IF('Rules & Rate'!$B$2<=S31,1,0) -> 1 | BK31: =IF('Rules & Rate'!$B$2<=T31,1,0) -> 1 | BL31: =IF('Rules & Rate'!$B$2<=U31,1,0) -> 0 | BM31: =IF('Rules & Rate'!$B$4<=V31,1,0) -> 0 | BN31: =IF('Rules & Rate'!$B$4<=W31,1,0) -> 1 | BO31: =IF('Rules & Rate'!$B$5<=X31,1,0) -> 0 | BP31: =IF('Rules & Rate'!$B$3<=Y31,1,0) -> 0 | BQ31: =IF('Rules & Rate'!$B$3<=Z31,1,0) -> 1 | BR31: =IF('Rules & Rate'!$B$2<=AC31,1,0) -> 0 | BS31: =IF('Rules & Rate'!$B$2<=AD31,1,0) -> 1 | BT31: =IF('Rules & Rate'!$B$2<=AE31,1,0) -> 0 | BU31: =IF('Rules & Rate'!$B$2<=AF31,1,0) -> 1 | BV31: =IF('Rules & Rate'!$B$6<=AG31,1,0) -> 0 | BW31: 33653.79 | BX31: =SUMPRODUCT(AH31:BA31,Labour!$B$2:$U$2) -> 382 | BY31: 207 | BZ31: =+BX31+BY31 -> 589 | CA31: =SUMPRODUCT(AH31:BA31,Labour!$B$3:$U$3) -> 348210.91 | CB31: =SUMPRODUCT(BC31:BV31,'Component $'!$B$10:$U$10) -> 311938.23 | CC31: =SUMPRODUCT(BC31:BV31,'Component $'!$B$9:$U$9) -> 35105.384 | CD31: =SUMPRODUCT(BC31:BV31,'Component $'!$B$6:$U$6) -> 167065.85 | CE31: =SUMPRODUCT(BC31:BV31,'Component $'!$B$8:$U$8) -> 109767 | CF31: =+CA31+CB31 -> 660149.14

Sheet Rules & Rate
A1: Rules | B1: Percentages | C1: Rates | D1: Cost
A2: Hydraulic | B2: 0.3 | C2: CHM | D2: 40.86
A3: Electrical | B3: 0.5 | C3: S&S | D3: 40.86
A4: Final Drives | B4: 0.7 | C4: CSM | D4: 40.86
A5: Engine | B5: 0.7
A6: Body | B6: 0.7

Sheet Labour
A1: Kit System | B1: Kits 1 A/C System | C1: Kit 2 Lube system | D1: Kit 3 Hydraulic filters & seal kits | E1: Kit 4 Operator Cab Monuting | F1: Kit 5 Drive system | G1: Kit 6 Drive system elfa fan blower | H1: Kit 7 Drive system braking resistor | I1: Kit 8 Body Mounting & Pads | J1: Kit 9 Accum steer & Brake | K1: Kit 10 Brake Valve & Cooler mounting | L1: Kit 11 Front axle & MTG | M1: Kit 12 Frame Bottom plate optimized | N1: Kit 13 Frame upper plate optimized | O1: Kit 14 Frame left side optimized | P1: Kit 15 Frame right side optimized | Q1: Kit 16 Hoist plate reinforment optmized | R1: Kit 17 Filtration drive system optmized | S1: Kit 18 Engine & Hardware | T1: Kit 19 Mirror bracket support | U1: Kit 20 Fuel tank Bracket support | V1: Kit 21 Communication kit
A2: Labour | B2: 14 | C2: 4 | D2: 14 | E2: 8 | F2: 16 | G2: 16 | H2: 6 | I2: 12 | J2: 12 | K2: 8 | L2: 36 | M2: 48 | N2: 48 | O2: 36 | P2: 36 | Q2: 24 | R2: 8 | S2: 16 | T2: 8 | U2: 6 | V2: 6
A3: Cost | B3: 1190.82 | C3: 6435.69 | D3: 2028.34 | E3: 11516.37 | F3: 4756.95 | G3: 50976 | H3: 25488.31 | I3: 15412 | J3: 1062 | K3: 801 | L3: 36525 | M3: 21043 | N3: 18546 | O3: 3325 | P3: 3325 | Q3: 9582 | R3: 84863 | S3: 18717 | T3: 692.12 | U3: 6437 | V3: 4906

Sheet Component $
A1: Name | B1: Accum front brake | C1: Accum rear brake | D1: Accum steer right | E1: Accum steer left | F1: Alternator | G1: Operator Cab | H1: Hoist cylinder right | I1: Hoist cylinder left | J1: Steer cylinder right | K1: Steer cylinder left | L1: Final Drive right | M1: Final Drive left | N1: Engine | O1: Eletrical motor right | P1: Eletrical motor left | Q1: Front strut right | R1: Rear strtus right | S1: Front strut left | T1: Rear strut left | U1: Body reapirs
A2: Part Number | H2: E12643355 | I2: E12643355 | L2: E12660762 | M2: E12660762 | Q2: E12644742 | R2: E12644696 | S2: E12644742 | T2: E12644696
A3: Labour hours | B3: 18.25 | C3: 18.25 | D3: 18.25 | E3: 18.25 | F3: 135 | G3: 102 | H3: 83.3 | I3: 83.3 | J3: 18.25 | K3: 18.25 | L3: 130 | M3: 130 | N3: 20 | O3: 135 | P3: 135 | Q3: 55.24 | R3: 55.24 | S3: 55.24 | T3: 55.24 | U3: 150
A4: Labour cost | B4: 40.86 | C4: 40.86 | D4: 40.86 | E4: 40.86 | F4: 78.34 | G4: 40.86 | H4: 40.86 | I4: 40.86 | J4: 40.86 | K4: 40.86 | L4: 40.86 | M4: 40.86 | N4: 40.86 | O4: 78.34 | P4: 78.34 | Q4: 40.86 | R4: 40.86 | S4: 40.86 | T4: 40.86 | U4: 40.86
A5: Mechanized & Rebuild | B5: 0 | C5: 0 | D5: 0 | E5: 0 | F5: 0 | G5: 0 | H5: 2081 | I5: 2081 | J5: 0 | K5: 0 | L5: 33400 | M5: 33400 | N5: 0 | O5: 0 | P5: 0 | Q5: 2991 | R5: 3561 | S5: 2991 | T5: 3561 | U5: 6800
A6: parts | B6: 362 | C6: 362 | D6: 334.95 | E6: 334.95 | F6: 20225 | G6: 12535 | H6: 4217 | I6: 4217 | J6: 334.95 | K6: 334.95 | L6: 115355 | M6: 115355 | N6: 37721 | O6: 19647 | P6: 19647 | Q6: 3203 | R6: 4683 | S6: 3203 | T6: 4683 | U6: 8650
A7: Chrome tube & rod | B7: 3750 | C7: 3750 | D7: 4547 | E7: 4547 | F7: 0 | G7: 0 | H7: 17820 | I7: 17820 | J7: 4547 | K7: 4547 | L7: 0 | M7: 0 | N7: 0 | O7: 0 | P7: 0 | Q7: 3461 | R7: 4151 | S7: 3461 | T7: 4151 | U7: 0
A8: Sub Total Chorme & Mechanized | B8: =+B5+B7 -> 3750 | C8: =+C5+C7 -> 3750 | D8: =+D5+D7 -> 4547 | E8: =+E5+E7 -> 4547 | F8: =+F5+F7 -> 0 | G8: =+G5+G7 -> 0 | H8: =+H5+H7 -> 19901 | I8: =+I5+I7 -> 19901 | ... U8: =+U5+U7 -> 6800
A9: Sub total labour cost | B9: =+B3*B4 -> 745.695 | C9: =+C3*C4 -> 745.695 | D9: =+D3*D4 -> 745.695 | E9: =+E3*E4 -> 745.695 | F9: =+F3*F4 -> 10575.9 | G9: =+G3*G4 -> 4167.72 | H9: =+H3*H4 -> 3403.638 | I9: =+I3*I4 -> 3403.638 | ... U9: =+U3*U4 -> 6129
A10: Total | B10: =(+B3*B4)+B5+B6+B7 -> 4857.695 | C10: =(+C3*C4)+C5+C6+C7 -> 4857.695 | D10: =(+D3*D4)+D5+D6+D7 -> 5627.645 | E10: =(+E3*E4)+E5+E6+E7 -> 5627.645 | F10: =(+F3*F4)+F5+F6+F7 -> 30800.9 | G10: =(+G3*G4)+G5+G6+G7 -> 16702.72 | H10: =(+H3*H4)+H5+H6+H7 -> 27521.638 | I10: =(+I3*I4)+I5+I6+I7 -> 27521.638 | ... U10: =(+U3*U4)+U5+U6+U7 -> 21579

Sheet Kits
C1: System | D1: PN | E1: Description | F1: QTY | G1: CHM Dealer price | H1: Bench Labour hours | I1: Total price
A2: Kit 4 Operator Cab Monuting | B2: 3805 | C2: Switchs box | D2: 4656354 | E2: Switch box display | F2: 1 | G2: 1168.0258 | H2: 12 | I2: 1168.0258
A3: Kit 9 Accum steer & Brake | B3: 6310 | C3: ACCUMULATOR, STEER | D3: E12570758 | E3: Charge valve | F3: 2 | G3: 39.550762 | H3: 6 | I3: 39.550762
A4: Kit 9 Accum steer & Brake | B4: 6310 | C4: ACCUMULATOR, STEER | D4: E12573266 | E4: Kit-seal accumulator | F4: 2 | G4: 272.9206 | H4: 6 | I4: 272.9206
A5: Kit 4 Operator Cab Monuting | B5: 8010 | C5: CAB MOUNTING | D5: E12587786 | E5: Washer | F5: 6 | G5: 45.9571 | H5: 12 | I5: 45.9571
A6: Kit 9 Accum steer & Brake | B6: 6310 | C6: ACCUMULATOR, STEER | D6: E12588195 | E6: U-bolt | F6: 4 | G6: 25.7549 | H6: 6 | I6: 25.7549
A7: Kit 4 Operator Cab Monuting | B7: 8010 | C7: CAB MOUNTING | D7: E12588558 | E7: Mount, cab | F7: 6 | G7: 411.4974 | H7: 12 | I7: 411.4974
A8: Kit 10 Brake Valve & Cooler mounting | B8: 5310 | C8: VALVE ASS'Y, BRAKE CONTROL | D8: E12588730 | E8: Spring, extension | F8: 1 | G8: 10.22151 | H8: 5 | I8: 10.22151
A9: Kit 4 Operator Cab Monuting | B9: 8010 | C9: CAB MOUNTING | D9: E12588822 | E9: Washer | F9: 1 | G9: 270.8373 | H9: 12 | I9: 270.8373
A10: Kit 11 Front axle & MTG | B10: 6110 | C10: Front axel trailing arm shims | D10: E12594727 | E10: Spacer thrust | F10: 2 | G10: 564.54125 | H10: 16 | I10: 564.54125
A11: Kit 11 Front axle & MTG | B11: 6110 | C11: Front axel trailing arm shims | D11: E12595511 | E11: Torsion tube | F11: 1 | G11: 31064.985 | H11: 16 | I11: 31064.985
A12: Kit 8 Body Mounting & Pads | B12: 9510 | C12: BODY MOUNTING | D12: E12595558 | E12: Shim 0.06 in | F12: 0.8 | G12: 28.552 | H12: 16 | I12: 28.552
A13: Kit 8 Body Mounting & Pads | B13: 9510 | C13: BODY MOUNTING | D13: E12595559 | E13: Shim 0.12 in | F13: 0.8 | G13: 29.4567 | H13: 16 | I13: 29.4567
... A16: Kit 20 Fuel tank Bracket support | B16: 2320 | C16: Fuel tank support | D16: E12596520 | E16: WASHER | F16: 1 | G16: 101.7622 | H16: 8 | I16: 101.7622
A17: Kit 18 Engine & Hardware | B17: Kit 18 Engine & Hardware | C17: Engine kit | D17: E12596520 | E17: WASHER | F17: 3 | G17: 101.7622 | H17: 8 | I17: 101.7622
A18: Kit 18 Engine & Hardware | B18: Kit 18 Engine & Hardware | C18: Engine kit | D18: E12597249 | E18: SHIM | F18: 13 | G18: 5.5029 | H18: 8 | I18: 5.5029
A19: Kit 18 Engine & Hardware | B19: Kit 18 Engine & Hardware | C19: Engine kit | D19: E12597250 | E19: SHIM | F19: 26 | G19: 5.9345 | H19: 8 | I19: 5.9345
A20: Kit 18 Engine & Hardware | B20: Kit 18 Engine & Hardware | C20: Engine kit | D20: E12597251 | E20: SHIM | F20: 13 | G20: 4.3575 | H20: 8 | I20: 4.3575
A21: Kit 4 Operator Cab Monuting | B21: 8010 | C21: CAB MOUNTING | D21: E12598553 | E21: Screw | F21: 2 | G21: 122.5246 | H21: 12 | I21: 122.5246
A22: Kit 18 Engine & Hardware | B22: Kit 18 Engine & Hardware | C22: Engine kit | D22: E12599623 | E22: GUARD | F22: 2 | G22: 96.8527 | H22: 8 | I22: 96.8527
A23: Kit 20 Fuel tank Bracket support | B23: 2320 | C23: Fuel tank support | D23: E12618021 | E23: PAD | F23: 1 | G23: 12.767126 | H23: 8 | I23: 12.767126
A24: Kit 20 Fuel tank Bracket support | B24: 2320 | C24: Fuel tank support | D24: E12618022 | E24: PAD | F24: 1 | G24: 16.8075 | H24: 8 | I24: 16.8075
A25: Kit 20 Fuel tank Bracket support | B25: 2320 | C25: Fuel tank support | D25: E12618671 | E25: SHIM | F25: 1 | G25: 20.279038 | H25: 8 | I25: 20.279038
A26: Kit 20 Fuel tank Bracket support | B26: 2320 | C26: Fuel tank support | D26: E12618672 | E26: SHIM | F26: 1 | G26: 11.71296 | H26: 8 | I26: 11.71296
A27: Kit 20 Fuel tank Bracket support | B27: 2320 | C27: Fuel tank support | D27: E12618740 | E27: SHIM | F27: 1 | G27: 11.7611 | H27: 8 | I27: 11.7611
A28: Kit 10 Brake Valve & Cooler mounting | B28: 5610 | C28: BRAKE COOLER MOUNTING | D28: E12618848 | E28: Cooler assembly | F28: 0.1 | G28: 3989.2954 | H28: 2 | I28: 3989.2954
A29: Kit 9 Accum steer & Brake | B29: 5410 | C29: ACCUMULATOR | D29: E12624469 | E29: Seal kit-accumulator | F29: 2 | G29: 103.72217 | H29: 4 | I29: 103.72217
A30: Kits 1 A/C System | B30: 8705 | C30: AIR CONDITIONER COMPRESSOR | D30: E12628761 | E30: Compressor,high outpt 1 | F30: 1 | G30: 803.07692 | H30: 12 | I30: 803.07692
A31: Kit 8 Body Mounting & Pads | B31: 9510 | C31: BODY MOUNTING | D31: E12630246 | E31: Pad, body | F31: 8 | G31: 868.2049 | H31: 16 | I31: 868.2049
A32: Kit 8 Body Mounting & Pads | B32: 9510 | C32: BODY MOUNTING | D32: E12630247 | E32: Pad, body | F32: 2 | G32: 843.03639 | H32: 16 | I32: 843.03639
A33: Kit 8 Body Mounting & Pads | B33: 9510 | C33: BODY MOUNTING | D33: E12633959 | E33: Shim 0.12 in | F33: 6 | G33: 80.788189 | H33: 16 | I33: 80.788189
A34: Kit 8 Body Mounting & Pads | B34: 9510 | C34: BODY MOUNTING | D34: E12633960 | E34: Shim 0.25 in | F34: 6 | G34: 154.25968 | H34: 16 | I34: 154.25968
... A41: Kit 8 Body Mounting & Pads | B41: 9510 | C41: BODY MOUNTING | D41: E12643922 | E41: Bolt | F41: 0.8 | G41: 194.7595 | H41: 16 | I41: 194.7595
A42: Kit 18 Engine & Hardware | B42: Kit 18 Engine & Hardware | C42: Engine kit | D42: E12645102 | E42: PIN | F42: 2 | G42: 104.88565 | H42: 8 | I42: 104.88565
A43: Kit 18 Engine & Hardware | B43: Kit 18 Engine & Hardware | C43: Engine kit | D43: E12645121 | E43: BEARING ROD END | F43: 2 | G43: 683.9449 | H43: 8 | I43: 683.9449
A44: Kits 1 A/C System | B44: 8720 | C44: AIR CONDITIONER LINES | D44: E12646913 | E44: Kit-drain hose | F44: 5 | G44: 20.3516 | H44: 12 | I44: 20.3516
A45: Kit 20 Fuel tank Bracket support | B45: 2320 | C45: Fuel tank support | D45: E12648942 | E45: SPACER | F45: 1 | G45: 36.786503 | H45: 8 | I45: 36.786503
A46: Kit 18 Engine & Hardware | B46: Kit 18 Engine & Hardware | C46: Engine kit | D46: E12648942 | E46: SPACER | F46: 1 | G46: 36.786503 | H46: 8 | I46: 36.786503
A47: Kit 8 Body Mounting & Pads | B47: 9510 | C47: BODY MOUNTING | D47: E12650107 | E47: Shim,6.4 [.25] | F47: 2.4 | G47: 29.382 | H47: 16 | I47: 29.382
A48: Kits 1 A/C System | B48: 8720 | C48: AIR CONDITIONER LINES | D48: E12650118 | E48: Hose assy | F48: 5 | G48: 211.01288 | H48: 12 | I48: 211.01288
A49: Kits 1 A/C System | B49: 8720 | C49: AIR CONDITIONER LINES | D49: E12650120 | E49: Hose assy | F49: 5 | G49: 102.33223 | H49: 12 | I49: 102.33223
A50: Kits 1 A/C System | B50: 8720 | C50: AIR CONDITIONER LINES | D50: E12650122 | E50: Hose assy | F50: 5 | G50: 144.26462 | H50: 12 | I50: 144.26462
A51: Kit 8 Body Mounting & Pads | B51: 9510 | C51: BODY MOUNTING | D51: E12650520 | E51: Plate | F51: 1 | G51: 548.61538 | H51: 16 | I51: 548.61538
A52: Kit 7 Drive system | B52: 4010 | C52: Drive system | D52: E12652952 | E52: Braking resistor | F52: 1 | G52: 8021.5765 | H52: 8 | I52: 8021.5765
A53: Kit 19 Mirror bracket support | B53: 8210 | C53: Hanrails | D53: E12653252 | E53: SUPPORT | F53: 2 | G53: 85.453846 | H53: 4 | I53: 85.453846
A54: Kit 20 Fuel tank Bracket support | B54: 2320 | C54: Fuel tank support | D54: E12654044 | E54: WASHER | F54: 1 | G54: 24.1364 | H54: 8 | I54: 24.1364
A55: Kit 18 Engine & Hardware | B55: Kit 18 Engine & Hardware | C55: Engine kit | D55: E12654044 | E55: WASHER | F55: 5 | G55: 24.1364 | H55: 8 | I55: 24.1364
A56: Kit 20 Fuel tank Bracket support | B56: 2320 | C56: Fuel tank support | D56: E12654597 | E56: WASHER | F56: 1 | G56: 41.026595 | H56: 8 | I56: 41.026595
A57: Kit 18 Engine & Hardware | B57: Kit 18 Engine & Hardware | C57: Engine kit | D57: E12654597 | E57: WASHER | F57: 5 | G57: 41.026595 | H57: 8 | I57: 41.026595
A58: Kit 18 Engine & Hardware | B58: Kit 18 Engine & Hardware | C58: Engine kit | D58: E12654597 | E58: WASHER | F58: 5 | G58: 41.026595 | H58: 8 | I58: 41.026595
A59: Kit 20 Fuel tank Bracket support | B59: 2320 | C59: Fuel tank support | D59: E12656852 | E59: SPACER WELDMENT | F59: 1 | G59: 307.2245 | H59: 8 | I59: 307.2245
A60: Kit 8 Body Mounting & Pads | B60: 9510 | C60: BODY MOUNTING | D60: E12656859 | E60: Pin, hinge | F60: 0.8 | G60: 1397.886 | H60: 16 | I60: 1397.886
A61: Kit 20 Fuel tank Bracket support | B61: 2320 | C61: Fuel tank support | D61: E12656878 | E61: PAD | F61: 1 | G61: 43.369187 | H61: 8 | I61: 43.369187
A62: Kit 18 Engine & Hardware | B62: Kit 18 Engine & Hardware | C62: Engine kit | D62: E12656878 | E62: PAD | F62: 1 | G62: 43.369187 | H62: 8 | I62: 43.369187
A63: Kit 20 Fuel tank Bracket support | B63: 2320 | C63: Fuel tank support | D63: E12658356 | E63: TUBE | F63: 1 | G63: 58.189985 | H63: 8 | I63: 58.189985
A64: Kit 18 Engine & Hardware | B64: Kit 18 Engine & Hardware | C64: Engine kit | D64: E12658356 | E64: TUBE | F64: 2 | G64: 58.189985 | H64: 8 | I64: 58.189985
A65: Kit 20 Fuel tank Bracket support | B65: 2320 | C65: Fuel tank support | D65: E12658438 | E65: TUBE WELDMENT | F65: 1 | G65: 1532.5237 | H65: 8 | I65: 1532.5237
A66: Kit 20 Fuel tank Bracket support | B66: 2320 | C66: Fuel tank support | D66: E12658439 | E66: TUBE WELDMENT | F66: 1 | G66: 1536.3343 | H66: 8 | I66: 1536.3343
A67: Kit 20 Fuel tank Bracket support | B67: 2320 | C67: Fuel tank support | D67: E12658453 | E67: WASHER | F67: 1 | G67: 43.75181 | H67: 8 | I67: 43.75181
A68: Kit 18 Engine & Hardware | B68: Kit 18 Engine & Hardware | C68: Engine kit | D68: E12658453 | E68: WASHER | F68: 4 | G68: 43.75181 | H68: 8 | I68: 43.75181
A69: Kit 2 Lube system | B69: 9315 | C69: Lube System | D69: E12660586 | E69: Injector | F69: 5 | G69: 1287.1385 | I69: 1287.1385
A70: Kit 20 Fuel tank Bracket support | B70: 2320 | C70: Fuel tank support | D70: E12662298 | E70: MUDFLAP | F70: 1 | G70: 703.1 | H70: 8 | I70: 703.1
A71: Kit 20 Fuel tank Bracket support | B71: 2320 | C71: Fuel tank support | D71: E12662299 | E71: MUDFLAP | F71: 1 | G71: 710.44615 | H71: 8 | I71: 710.44615
A72: Kit 20 Fuel tank Bracket support | B72: 2320 | C72: Fuel tank support | D72: E12662300 | E72: PLATE | F72: 1 | G72: 288.42308 | H72: 8 | I72: 288.42308
A73: Kit 20 Fuel tank Bracket support | B73: 2320 | C73: Fuel tank support | D73: E12662301 | E73: PLATE | F73: 1 | G73: 167.55385 | H73: 8 | I73: 167.55385
A74: Kit 20 Fuel tank Bracket support | B74: 2320 | C74: Fuel tank support | D74: E12662302 | E74: BAR | F74: 1 | G74: 149.03077 | H74: 8 | I74: 149.03077
A75: Kit 20 Fuel tank Bracket support | B75: 2320 | C75: Fuel tank support | D75: E12662303 | E75: BAR | F75: 1 | G75: 155.62308 | H75: 8 | I75: 155.62308
A76: Kits 1 A/C System | B76: 8720 | C76: AIR CONDITIONER LINES | D76: E12662364 | E76: Hose assembly | F76: 5 | G76: 162.02147 | H76: 12 | I76: 162.02147
A77: Kits 1 A/C System | B77: 8720 | C77: AIR CONDITIONER LINES | D77: E12662365 | E77: Hose assembly | F77: 5 | G77: 238.16352 | H77: 12 | I77: 238.16352
A78: Kit 19 Mirror bracket support | B78: 8210 | C78: Hanrails | D78: E12666243 | E78: TUBE WELDMENT | F78: 1 | G78: 167.62308 | H78: 4 | I78: 167.62308
A79: Kit 19 Mirror bracket support | B79: 8210 | C79: Hanrails | D79: E12669396 | E79: TUBE EXTENSION WELDMENT | F79: 1 | G79: 92.206615 | H79: 4 | I79: 92.206615
A80: Kit 19 Mirror bracket support | B80: 8210 | C80: Hanrails | D80: E12669553 | E80: BRACKET WELDMENT MIRROR | F80: 1 | G80: 92.206615 | H80: 4 | I80: 92.206615
A81: Kit 5 Drive system | B81: 4010 | C81: Drive system | D81: E12670401 | E81: Antifrogen | F81: 1 | G81: 395.04691 | H81: 8 | I81: 395.04691
... A84: Kit 8 Body Mounting & Pads | B84: 9510 | C84: BODY MOUNTING | D84: E12672633 | E84: Pin, weldment | F84: 0.1 | G84: 1660.6244 | H84: 16 | I84: 1660.6244
A85: Kit 18 Engine & Hardware | B85: Kit 18 Engine & Hardware | C85: Engine kit | D85: E12677395 | E85: PLATE WLD | F85: 1 | G85: 3027.0974 | H85: 8 | I85: 3027.0974
A86: Kit 4 Operator Cab Monuting | B86: 3805 | C86: Display | D86: E12696031 | E86: Display Main cab | F86: 1 | G86: 6724.2782 | H86: 12 | I86: 6724.2782
A87: Kit 3 Hydraulic filters & seal kits | B87: 5615 | C87: FILTER | D87: E12699796 | E87: Element, filter | F87: 5 | G87: 97.646154 | H87: 4 | I87: 97.646154
A88: Kit 3 Hydraulic filters & seal kits | B88: 6265 | C88: FILTER, STEER | D88: E12699796 | E88: Element, filter | F88: 5.75 | G88: 97.646154 | H88: 4 | I88: 97.646154
A89: Kit 2 Lube system | B89: 9315 | C89: Lube System | D89: E12977367 | E89: Vent Valve | F89: 1 | G89: 1363.0372 | H89: 8 | I89: 1363.0372
A90: Kit 3 Hydraulic filters & seal kits | B90: 5615 | C90: FILTER | D90: E12978122 | E90: Kit, seal | F90: 2.5 | G90: 119.8354 | H90: 4 | I90: 119.8354
A91: Kit 3 Hydraulic filters & seal kits | B91: 6265 | C91: FILTER, STEER | D91: E12978122 | E91: Kit, seal | F91: 5.75 | G91: 119.8354 | H91: 4 | I91: 119.8354
A92: Kit 2 Lube system | B92: 9316 | C92: Lube System | D92: E12979471 | E92: Kit seal hyd valve lube pump | F92: 1 | G92: 61.492308 | H92: 8 | I92: 61.492308
A93: Kit 2 Lube system | B93: 9315 | C93: Lube System | D93: E12979473 | E93: Kit seal pump | F93: 1 | G93: 36.4702 | H93: 8 | I93: 36.4702
A94: Kits 1 A/C System | B94: 8710 | C94: AIR CONDITIONER UNIT | D94: E12981645 | E94: Receiver drier | F94: 1 | G94: 49.678568 | H94: 12 | I94: 49.678568
A95: Kit 5 Drive system | B95: 4010 | C95: Drive system | D95: E12984823 | E95: Kit Contactor K109 | F95: 1 | G95: 252.98432 | H95: 8 | I95: 252.98432
A96: Kit 6 Drive system | B96: 4010 | C96: Drive system | D96: E12984906 | E96: Fan blower IGBT | F96: 2 | G96: 18141.642 | H96: 8 | I96: 18141.642
A97: Kit 6 Drive system | B97: 4010 | C97: Drive system | D97: E12984907 | E97: Fan cover | F97: 2 | G97: 7346.6769 | H97: 8 | I97: 7346.6769
... A107: Kit 4 Operator Cab Monuting | B107: 8010 | C107: CAB MOUNTING | D107: E13804131 | E107: Lock nut | F107: 6 | G107: 14.9151 | H107: 12 | I107: 14.9151
A108: Kit 18 Engine & Hardware | B108: Kit 18 Engine & Hardware | C108: Engine kit | D108: E13804131 | E108: LOCK NUT | F108: 12 | G108: 14.9151 | H108: 8 | I108: 14.9151
A109: Kit 10 Brake Valve & Cooler mounting | B109: 5610 | C109: BRAKE COOLER MOUNTING | D109: E13805313 | E109: O-ring | F109: 4 | G109: 2.0833 | H109: 2 | I109: 2.0833
A110: Kit 10 Brake Valve & Cooler mounting | B110: 5310 | C110: VALVE ASS'Y, BRAKE CONTROL | D110: E13805322 | E110: O-ring | F110: 1 | G110: 3.7267 | H110: 5 | I110: 3.7267
A111: Kit 20 Fuel tank Bracket support | B111: 2320 | C111: Fuel tank support | D111: E13805997 | E111: LOCK NUT | F111: 1 | G111: 9.0814483 | H111: 8 | I111: 9.0814483
A112: Kit 18 Engine & Hardware | B112: Kit 18 Engine & Hardware | C112: Engine kit | D112: E13805997 | E112: LOCK NUT | F112: 2 | G112: 9.0814483 | H112: 8 | I112: 9.0814483
A113: Kit 8 Body Mounting & Pads | B113: 9510 | C113: BODY MOUNTING | D113: E13806878 | E113: Washer | F113: 3.2 | G113: 11.9769 | H113: 16 | I113: 11.9769
A114: Kit 4 Operator Cab Monuting | B114: 8010 | C114: CAB MOUNTING | D114: E13806880 | E114: Washer | F114: 6 | G114: 1.5604 | H114: 12 | I114: 1.5604
A115: Kit 18 Engine & Hardware | B115: Kit 18 Engine & Hardware | C115: Engine kit | D115: E13806880 | E115: WASHER | F115: 25 | G115: 1.5604 | H115: 8 | I115: 1.5604
A116: Kit 10 Brake Valve & Cooler mounting | B116: 5310 | C116: VALVE ASS'Y, BRAKE CONTROL | D116: E13807009 | E116: . O-ring | F116: 2.5 | G116: 0.6637344 | H116: 5 | I116: 0.6637344
A117: Kit 9 Accum steer & Brake | B117: 5410 | C117: ACCUMULATOR | D117: E13807009 | E117: . O-ring | F117: 4 | G117: 0.6637344 | H117: 4 | I117: 0.6637344
A118: Kit 10 Brake Valve & Cooler mounting | B118: 5310 | C118: VALVE ASS'Y, BRAKE CONTROL | D118: E13807010 | E118: . O-ring | F118: 6 | G118: 0.9794 | H118: 5 | I118: 0.9794
A119: Kits 1 A/C System | B119: 8720 | C119: AIR CONDITIONER LINES | D119: E13807441 | E119: Lock nut | F119: 75 | G119: 0.11538462 | H119: 12 | I119: 0.11538462
...

Sheet Cerrejon inventory impact
A1: Row Labels | B1: 823 | C1: 824 | D1: 825 | E1: 826 | F1: 827 | G1: 828 | H1: 829 | I1: 830 | J1: 831 | K1: 832 | L1: 833 | M1: 834 | N1: 835 | O1: 836 | P1: 837 | Q1: 838 | R1: 839 | S1: 840 | T1: 841 | U1: 842 | V1: 843 | W1: 844 | X1: 845 | Y1: 846 | Z1: 847 | AA1: 848 | AB1: 849 | AC1: 850 | AD1: 851 | AE1: 852 | AF1: Grand Total | AG1: Cerrejon stock | AH1: Price 2026 | AI1: Req Inv Cerrejon | AJ1: Impact Cerrejon Inventory | AK1: Category Item
A2: 4656354 | B2: 1 | C2: 4 | D2: 1 | E2: 5 | F2: 1 | G2: 1 | H2: 1 | I2: 3 | J2: 1 | K2: 4 | L2: 2 | M2: 1 | N2: 1 | O2: 1 | P2: 3 | Q2: 1 | R2: 1 | S2: 3 | T2: 6 | U2: 1 | V2: 3 | W2: 1 | X2: 1 | Y2: 1 | Z2: 1 | AA2: 1 | AB2: 6 | AC2: 1 | AD2: 1 | AE2: 1 | AF2: 27 | AG2: -1 | AH2: 1168 | AI2: 0 | AJ2: =AH2*AI2 -> 0 | AK2: Not Catalogued
A3: E12570758 | B3: 6 | C3: 1 | D3: 1 | E3: 1 | F3: 3 | G3: 1 | H3: 6 | I3: 1 | J3: 6 | K3: 1 | L3: 1 | M3: 1 | N3: 3 | O3: 3 | P3: 6 | Q3: 5 | R3: 1 | S3: 4 | T3: 1 | U3: 3 | V3: 6 | W3: 1 | X3: 6 | Y3: 2 | Z3: 2 | AA3: 2 | AB3: 1 | AC3: 1 | AD3: 2 | AE3: 2 | AF3: 80 | AG3: 116 | AH3: 39.55 | AI3: 80 | AJ3: =AH3*AI3 -> 3164 | AK3: Available in Cerrejon Stock
A4: E12573266 | B4: 1 | C4: 1 | D4: 3 | E4: 3 | F4: 2 | G4: 1 | H4: 1 | I4: 1 | J4: 1 | K4: 1 | L4: 1 | M4: 3 | N4: 3 | O4: 4 | P4: 1 | Q4: 1 | R4: 5 | S4: 118 | T4: 3 | U4: 3 | V4: 1 | W4: 2 | X4: 1 | Y4: 2 | Z4: 2 | AA4: 2 | AB4: 3 | AC4: 2 | AD4: 2 | AE4: 2 | AF4: 176 | AG4: 25 | AH4: 272.92 | AI4: 25 | AJ4: =AH4*AI4 -> 6823 | AK4: Available in Cerrejon Stock
A5: E12587786 | B5: 1 | C5: 5 | D5: 1 | E5: 3 | F5: 3 | G5: 4 | H5: 1 | I5: 1 | J5: 1 | K5: 5 | L5: 1 | M5: 5 | N5: 3 | O5: 3 | P5: 6 | Q5: 4 | R5: 5 | S5: 3 | T5: 2 | U5: 3 | V5: 6 | W5: 6 | X5: 1 | Y5: 3 | Z5: 3 | AA5: 6 | AB5: 1 | AC5: 6 | AD5: 6 | AE5: 6 | AF5: 104 | AG5: 16 | AH5: 45.95 | AI5: 16 | AJ5: =AH5*AI5 -> 735.2 | AK5: Available in Cerrejon Stock
A6: E12588195 | B6: 6 | C6: 3 | D6: 4 | E6: 1 | F6: 1 | G6: 1 | H6: 6 | I6: 3 | J6: 6 | K6: 3 | L6: 118 | M6: 2 | N6: 1 | O6: 2 | P6: 6 | Q6: 1 | R6: 1 | S6: 1 | T6: 4 | U6: 1 | V6: 6 | W6: 3 | X6: 6 | Y6: 4 | Z6: 4 | AA6: 4 | AB6: 2 | AC6: 3 | AD6: 4 | AE6: 4 | AF6: 211 | AG6: 10 | AH6: 25.75 | AI6: 10 | AJ6: =AH6*AI6 -> 257.5 | AK6: Available in Cerrejon Stock
A7: E12588558 | B7: 5 | C7: 1 | D7: 4 | E7: 2 | F7: 2 | G7: 1 | H7: 5 | I7: 1 | J7: 5 | K7: 1 | L7: 1 | M7: 1 | N7: 6 | O7: 2 | P7: 6 | Q7: 1 | R7: 5 | S7: 1 | T7: 3 | U7: 6 | V7: 6 | W7: 1 | X7: 5 | Y7: 2 | Z7: 2 | AA7: 6 | AB7: 2 | AC7: 1 | AD7: 6 | AE7: 6 | AF7: 96 | AG7: 10 | AH7: 411.49 | AI7: 10 | AJ7: =AH7*AI7 -> 4114.9 | AK7: Available in Cerrejon Stock
A8: E12588730 | B8: 1 | C8: 1 | D8: 1 | E8: 3 | F8: 1 | G8: 4 | H8: 118 | I8: 5 | J8: 1 | K8: 1 | L8: 1 | M8: 5 | N8: 3 | O8: 6 | P8: 1 | Q8: 2 | R8: 1 | S8: 3 | T8: 5 | U8: 3 | V8: 1 | W8: 6 | X8: 1 | Y8: 5 | Z8: 2 | AA8: 1 | AB8: 5 | AC8: 6 | AD8: 1 | AE8: 1 | AF8: 195 | AG8: 3 | AH8: 10.22 | AI8: 3 | AJ8: =AH8*AI8 -> 30.66 | AK8: Available in Cerrejon Stock
A9: E12588822 | B9: 1 | C9: 1 | D9: 1 | E9: 1 | F9: 1 | G9: 3 | H9: 1 | I9: 1 | J9: 1 | K9: 1 | L9: 6 | M9: 1 | N9: 1 | O9: 1 | P9: 3 | Q9: 3 | R9: 5 | S9: 3 | T9: 1 | U9: 1 | V9: 3 | W9: 1 | X9: 1 | Y9: 1 | Z9: 1 | AA9: 1 | AB9: 118 | AC9: 1 | AD9: 1 | AE9: 1 | AF9: 166 | AG9: 24 | AH9: 270.83 | AI9: 24 | AJ9: =AH9*AI9 -> 6499.92 | AK9: Available in Cerrejon Stock
A10: E12594727 | B10: 2 | C10: 5 | D10: 1 | E10: 3 | F10: 3 | G10: 1 | H10: 1 | I10: 1 | J10: 2 | K10: 5 | L10: 1 | M10: 1 | N10: 3 | O10: 3 | P10: 2 | Q10: 5 | R10: 1 | S10: 4 | T10: 118 | U10: 3 | V10: 2 | W10: 6 | X10: 2 | Y10: 1 | Z10: 5 | AA10: 2 | AB10: 2 | AC10: 2 | AD10: 2 | AE10: 2 | AF10: 191 | AG10: 43 | AH10: 564.54 | AI10: 43 | AJ10: =AH10*AI10 -> 24275.22 | AK10: Available in Cerrejon Stock
A11: E12595511 | B11: 1 | C11: 5 | D11: 1 | E11: 1 | F11: 1 | G11: 5 | H11: 1 | I11: 6 | J11: 1 | K11: 5 | L11: 4 | M11: 118 | N11: 2 | O11: 1 | P11: 1 | Q11: 1 | R11: 1 | S11: 2 | T11: 1 | U11: 4 | V11: 1 | W11: 3 | X11: 1 | Y11: 6 | Z11: 1 | AA11: 1 | AB11: 1 | AC11: 1 | AD11: 1 | AE11: 1 | AF11: 179 | AG11: -1 | AH11: 31064.98 | AI11: 0 | AJ11: =AH11*AI11 -> 0 | AK11: Not Catalogued
A12: E12595558 | B12: 2 | C12: 5 | D12: 1 | E12: 6 | F12: 1 | G12: 4 | H12: 2 | I12: 0 | J12: 2 | K12: 5 | L12: 3 | M12: 1 | N12: 1 | O12: 3 | P12: 2 | Q12: 0 | R12: 3 | S12: 2 | T12: 0 | U12: 1 | V12: 2 | W12: 0 | X12: 2 | Y12: 1 | Z12: 1 | AA12: 1 | AB12: 1 | AC12: 0 | AD12: 1 | AE12: 1 | AF12: 54 | AG12: 0 | AH12: 28.55 | AI12: 0 | AJ12: =AH12*AI12 -> 0 | AK12: Cerrejon Stock in Zero
A13: E12595559 | B13: 1 | C13: 1 | D13: 118 | E13: 1 | F13: 1 | G13: 3 | H13: 1 | I13: 0 | J13: 1 | K13: 1 | L13: 6 | M13: 1 | N13: 1 | O13: 1 | P13: 1 | Q13: 0 | R13: 1 | S13: 3 | T13: 0 | U13: 1 | V13: 1 | W13: 0 | X13: 1 | Y13: 1 | Z13: 1 | AA13: 1 | AB13: 1 | AC13: 0 | AD13: 1 | AE13: 1 | AF13: 151 | AG13: 0 | AH13: 29.45 | AI13: 0 | AJ13: =AH13*AI13 -> 0 | AK13: Cerrejon Stock in Zero
A14: E12595560 | B14: 1 | C14: 5 | D14: 1 | E14: 3 | F14: 3 | G14: 4 | H14: 1 | I14: 0 | J14: 1 | K14: 5 | L14: 1 | M14: 5 | N14: 3 | O14: 6 | P14: 6 | Q14: 0 | R14: 1 | S14: 3 | T14: 0 | U14: 3 | V14: 6 | W14: 0 | X14: 1 | Y14: 3 | Z14: 3 | AA14: 1 | AB14: 5 | AC14: 0 | AD14: 1 | AE14: 1 | AF14: 73 | AG14: 3 | AH14: 62.82 | AI14: 3 | AJ14: =AH14*AI14 -> 188.46 | AK14: Available in Cerrejon Stock
A15: E12596345 | B15: 1 | C15: 5 | D15: 1 | E15: 1 | F15: 1 | G15: 2 | H15: 1 | I15: 5 | J15: 1 | K15: 5 | L15: 3 | M15: 1 | N15: 2 | O15: 1 | P15: 3 | Q15: 2 | R15: 1 | S15: 1 | T15: 1 | U15: 2 | V15: 3 | W15: 6 | X15: 1 | Y15: 1 | Z15: 1 | AA15: 4 | AB15: 3 | AC15: 6 | AD15: 4 | AE15: 4 | AF15: 73 | AG15: 28 | AH15: 65.87 | AI15: 28 | AJ15: =AH15*AI15 -> 1844.36 | AK15: Available in Cerrejon Stock
A16: E12596520 | B16: 7 | C16: 119 | D16: 3 | E16: 2 | F16: 6 | G16: 11 | H16: 5 | I16: 6 | J16: 7 | K16: 119 | L16: 6 | M16: 7 | N16: 6 | O16: 6 | P16: 2 | Q16: 11 | R16: 2 | S16: 6 | T16: 2 | U16: 6 | V16: 5 | W16: 4 | X16: 7 | Y16: 4 | Z16: 6 | AA16: 4 | AB16: 4 | AC16: 4 | AD16: 4 | AE16: 4 | AF16: 385 | AG16: 24 | AH16: =VLOOKUP(A16,Kits!D17:I217,4,FALSE) -> 101.7622 | AI16: 24 | AJ16: =AH16*AI16 -> 2442.2927 | AK16: Available in Cerrejon Stock
A17: E12597249 | B17: 5 | C17: 1 | D17: 3 | E17: 1 | F17: 1 | G17: 118 | H17: 1 | I17: 1 | J17: 5 | K17: 1 | L17: 3 | M17: 3 | N17: 3 | O17: 13 | P17: 2 | Q17: 118 | R17: 3 | S17: 1 | T17: 1 | U17: 3 | V17: 1 | W17: 13 | X17: 5 | Y17: 4 | Z17: 1 | AA17: 13 | AB17: 13 | AC17: 13 | AD17: 13 | AE17: 13 | AF17: 376 | AG17: 0 | AH17: =VLOOKUP(A17,Kits!D18:I218,4,FALSE) -> 5.5029 | AI17: 0 | AJ17: =AH17*AI17 -> 0 | AK17: Cerrejon Stock in Zero
A18: E12597250 | B18: 1 | C18: 4 | D18: 2 | E18: 5 | F18: 1 | G18: 1 | H18: 3 | I18: 3 | J18: 1 | K18: 1 | L18: 2 | M18: 6 | N18: 2 | O18: 26 | P18: 4 | Q18: 1 | R18: 1 | S18: 3 | T18: 3 | U18: 2 | V18: 3 | W18: 26 | X18: 1 | Y18: 1 | Z18: 1 | AA18: 26 | AB18: 26 | AC18: 26 | AD18: 26 | AE18: 26 | AF18: 234 | AG18: 0 | AH18: =VLOOKUP(A18,Kits!D19:I219,4,FALSE) -> 5.9345 | AI18: 0 | AJ18: =AH18*AI18 -> 0 | AK18: Cerrejon Stock in Zero
A19: E12597251 | B19: 1 | C19: 3 | D19: 1 | E19: 1 | F19: 1 | G19: 1 | H19: 1 | I19: 2 | J19: 1 | K19: 3 | L19: 1 | M19: 6 | N19: 4 | O19: 13 | P19: 1 | Q19: 1 | R19: 1 | S19: 2 | T19: 2 | U19: 4 | V19: 1 | W19: 13 | X19: 1 | Y19: 118 | Z19: 1 | AA19: 13 | AB19: 13 | AC19: 13 | AD19: 13 | AE19: 13 | AF19: 249 | AG19: 0 | AH19: =VLOOKUP(A19,Kits!D20:I220,4,FALSE) -> 4.3575 | AI19: 0 | AJ19: =AH19*AI19 -> 0 | AK19: Cerrejon Stock in Zero
A20: E12598553 | B20: 1 | C20: 1 | D20: 5 | E20: 1 | F20: 3 | G20: 3 | H20: 1 | I20: 5 | J20: 1 | K20: 1 | L20: 1 | M20: 2 | N20: 1 | O20: 3 | P20: 2 | Q20: 3 | R20: 1 | S20: 6 | T20: 3 | U20: 1 | V20: 2 | W20: 3 | X20: 1 | Y20: 3 | Z20: 3 | AA20: 2 | AB20: 1 | AC20: 3 | AD20: 2 | AE20: 2 | AF20: 67 | AG20: 6 | AH20: =VLOOKUP(A20,Kits!D21:I221,4,FALSE) -> 122.5246 | AI20: 6 | AJ20: =AH20*AI20 -> 735.1476 | AK20: Available in Cerrejon Stock
A21: E12599623 | B21: 1 | C21: 5 | D21: 3 | E21: 1 | F21: 2 | G21: 2 | H21: 3 | I21: 1 | J21: 1 | K21: 6 | L21: 3 | M21: 1 | N21: 4 | O21: 2 | P21: 3 | Q21: 2 | R21: 6 | S21: 1 | T21: 1 | U21: 4 | V21: 3 | W21: 2 | X21: 1 | Y21: 1 | Z21: 2 | AA21: 2 | AB21: 2 | AC21: 2 | AD21: 2 | AE21: 2 | AF21: 71 | AG21: 4 | AH21: =VLOOKUP(A21,Kits!D22:I222,4,FALSE) -> 96.8527 | AI21: 4 | AJ21: =AH21*AI21 -> 387.4108 | AK21: Available in Cerrejon Stock
A22: E12618021 | B22: 1 | C22: 1 | D22: 3 | E22: 3 | F22: 3 | G22: 1 | H22: 5 | I22: 4 | J22: 1 | K22: 1 | L22: 3 | M22: 1 | N22: 6 | O22: 1 | P22: 1 | Q22: 1 | R22: 1 | S22: 4 | T22: 6 | U22: 6 | V22: 5 | W22: 1 | X22: 1 | Y22: 3 | Z22: 3 | AA22: 1 | AB22: 1 | AC22: 1 | AD22: 1 | AE22: 1 | AF22: 71 | AG22: 4 | AH22: =VLOOKUP(A22,Kits!D23:I223,4,FALSE) -> 12.767126 | AI22: 4 | AJ22: =AH22*AI22 -> 51.068506 | AK22: Available in Cerrejon Stock
A23: E12618022 | B23: 1 | C23: 3 | D23: 2 | E23: 1 | F23: 1 | G23: 1 | H23: 5 | I23: 1 | J23: 1 | K23: 1 | L23: 4 | M23: 4 | N23: 6 | O23: 1 | P23: 6 | Q23: 1 | R23: 5 | S23: 1 | T23: 3 | U23: 6 | V23: 5 | W23: 1 | X23: 1 | Y23: 1 | Z23: 1 | AA23: 1 | AB23: 1 | AC23: 1 | AD23: 1 | AE23: 1 | AF23: 68 | AG23: 0 | AH23: =VLOOKUP(A23,Kits!D24:I224,4,FALSE) -> 16.8075 | AI23: 0 | AJ23: =AH23*AI23 -> 0 | AK23: Cerrejon Stock in Zero
A24: E12618671 | B24: 3 | C24: 3 | D24: 4 | E24: 1 | F24: 1 | G24: 1 | H24: 3 | I24: 5 | J24: 3 | K24: 1 | L24: 1 | M24: 1 | N24: 118 | O24: 1 | P24: 3 | Q24: 1 | R24: 2 | S24: 5 | T24: 1 | U24: 118 | V24: 3 | W24: 1 | X24: 3 | Y24: 1 | Z24: 1 | AA24: 1 | AB24: 1 | AC24: 1 | AD24: 1 | AE24: 1 | AF24: 290 | AG24: 37 | AH24: =VLOOKUP(A24,Kits!D25:I225,4,FALSE) -> 20.279038 | AI24: 37 | AJ24: =AH24*AI24 -> 750.32441 | AK24: Available in Cerrejon Stock
A25: E12618672 | B25: 4 | C25: 1 | D25: 2 | E25: 1 | F25: 1 | G25: 3 | H25: 1 | I25: 1 | J25: 4 | K25: 2 | L25: 5 | M25: 5 | N25: 1 | O25: 1 | P25: 1 | Q25: 3 | R25: 3 | S25: 1 | T25: 3 | U25: 1 | V25: 1 | W25: 1 | X25: 4 | Y25: 1 | Z25: 1 | AA25: 1 | AB25: 0 | AC25: 1 | AD25: 1 | AE25: 1 | AF25: 56 | AG25: 43 | AH25: =VLOOKUP(A25,Kits!D26:I226,4,FALSE) -> 11.71296 | AI25: 43 | AJ25: =AH25*AI25 -> 503.65728 | AK25: Available in Cerrejon Stock
A26: E12618740 | B26: 1 | C26: 3 | D26: 3 | E26: 1 | F26: 118 | G26: 1 | H26: 1 | I26: 2 | J26: 1 | K26: 3 | L26: 1 | M26: 5 | N26: 4 | O26: 118 | P26: 1 | Q26: 1 | R26: 1 | S26: 2 | T26: 1 | U26: 4 | V26: 1 | W26: 1 | X26: 1 | Y26: 118 | Z26: 118 | AA26: 1 | AB26: 6 | AC26: 1 | AD26: 1 | AE26: 1 | AF26: 521 | AG26: 65 | AH26: =VLOOKUP(A26,Kits!D27:I227,4,FALSE) -> 11.7611 | AI26: 65 | AJ26: =AH26*AI26 -> 764.4715 | AK26: Available in Cerrejon Stock
A27: E12618848 | B27: 1 | C27: 1 | D27: 1 | E27: 5 | F27: 1 | G27: 2 | H27: 6 | I27: 2 | J27: 1 | K27: 1 | L27: 1 | M27: 1 | N27: 3 | O27: 1 | P27: 1 | Q27: 1 | R27: 3 | S27: 1 | T27: 1 | U27: 3 | V27: 1 | W27: 2 | X27: 1 | Y27: 2 | Z27: 1 | AA27: 1 | AB27: 1 | AC27: 2 | AD27: 1 | AE27: 1 | AF27: 50 | AG27: 4 | AH27: =VLOOKUP(A27,Kits!D28:I228,4,FALSE) -> 3989.2954 | AI27: 4 | AJ27: =AH27*AI27 -> 15957.182 | AK27: Available in Cerrejon Stock
A28: E12624469 | B28: 3 | C28: 1 | D28: 1 | E28: 2 | F28: 1 | G28: 3 | H28: 1 | I28: 2 | J28: 3 | K28: 1 | L28: 1 | M28: 118 | N28: 5 | O28: 1 | P28: 3 | Q28: 1 | R28: 2 | S28: 3 | T28: 1 | U28: 5 | V28: 3 | W28: 1 | X28: 3 | Y28: 2 | Z28: 2 | AA28: 2 | AB28: 118 | AC28: 1 | AD28: 2 | AE28: 2 | AF28: 294 | AG28: 5 | AH28: =VLOOKUP(A28,Kits!D29:I229,4,FALSE) -> 103.72217 | AI28: 5 | AJ28: =AH28*AI28 -> 518.61083 | AK28: Available in Cerrejon Stock
A29: E12628761 | B29: 1 | C29: 3 | D29: 3 | E29: 1 | F29: 6 | G29: 5 | H29: 1 | I29: 3 | J29: 1 | K29: 3 | L29: 1 | M29: 2 | N29: 3 | O29: 118 | P29: 1 | Q29: 1 | R29: 3 | S29: 2 | T29: 1 | U29: 4 | V29: 1 | W29: 1 | X29: 1 | Y29: 3 | Z29: 5 | AA29: 5 | AB29: 1 | AC29: 1 | AD29: 1 | AE29: 1 | AF29: 183 | AG29: 23 | AH29: 803 | AI29: 23 | AJ29: =AH29*AI29 -> 18469 | AK29: Available in Cerrejon Stock
A30: E12630246 | B30: 6 | C30: 1 | D30: 1 | E30: 1 | F30: 1 | G30: 1 | H30: 6 | I30: 0 | J30: 6 | K30: 1 | L30: 1 | M30: 1 | N30: 3 | O30: 1 | P30: 1 | Q30: 0 | R30: 6 | S30: 4 | T30: 0 | U30: 3 | V30: 1 | W30: 0 | X30: 6 | Y30: 1 | Z30: 1 | AA30: 8 | AB30: 1 | AC30: 0 | AD30: 8 | AE30: 8 | AF30: 78 | AG30: 11 | AH30: =VLOOKUP(A30,Kits!D31:I231,4,FALSE) -> 868.2049 | AI30: 11 | AJ30: =AH30*AI30 -> 9550.2539 | AK30: Available in Cerrejon Stock
A31: E12630247 | B31: 3 | C31: 6 | D31: 3 | E31: 118 | F31: 2 | G31: 5 | H31: 3 | I31: 0 | J31: 3 | K31: 6 | L31: 4 | M31: 3 | N31: 4 | O31: 2 | P31: 3 | Q31: 0 | R31: 6 | S31: 2 | T31: 0 | U31: 4 | V31: 3 | W31: 0 | X31: 3 | Y31: 2 | Z31: 2 | AA31: 2 | AB31: 1 | AC31: 0 | AD31: 2 | AE31: 2 | AF31: 194 | AG31: 27 | AH31: =VLOOKUP(A31,Kits!D32:I232,4,FALSE) -> 843.03639 | AI31: 27 | AJ31: =AH31*AI31 -> 22761.983 | AK31: Available in Cerrejon Stock
A32: E12633959 | B32: 118 | C32: 1 | D32: 5 | E32: 3 | F32: 6 | G32: 3 | H32: 118 | I32: 0 | J32: 118 | K32: 1 | L32: 1 | M32: 2 | N32: 1 | O32: 6 | P32: 1 | Q32: 0 | R32: 6 | S32: 1 | T32: 0 | U32: 1 | V32: 1 | W32: 0 | X32: 118 | Y32: 6 | Z32: 6 | AA32: 6 | AB32: 5 | AC32: 0 | AD32: 6 | AE32: 6 | AF32: 546 | AG32: 10 | AH32: =VLOOKUP(A32,Kits!D33:I233,4,FALSE) -> 80.788189 | AI32: 10 | AJ32: =AH32*AI32 -> 807.88189 | AK32: Available in Cerrejon Stock
A33: E12633960 | B33: 1 | C33: 3 | D33: 6 | E33: 4 | F33: 1 | G33: 2 | H33: 1 | I33: 0 | J33: 1 | K33: 3 | L33: 3 | M33: 1 | N33: 1 | O33: 1 | P33: 1 | Q33: 0 | R33: 2 | S33: 1 | T33: 0 | U33: 1 | V33: 1 | W33: 0 | X33: 1 | Y33: 1 | Z33: 1 | AA33: 6 | AB33: 5 | AC33: 0 | AD33: 6 | AE33: 6 | AF33: 60 | AG33: 1 | AH33: =VLOOKUP(A33,Kits!D34:I234,4,FALSE) -> 154.25968 | AI33: 1 | AJ33: =AH33*AI33 -> 154.25968 | AK33: Available in Cerrejon Stock
A34: E12633961 | B34: 1 | C34: 1 | D34: 1 | E34: 4 | F34: 6 | G34: 1 | H34: 1 | I34: 0 | J34: 1 | K34: 1 | L34: 1 | M34: 3 | N34: 1 | O34: 6 | P34: 1 | Q34: 0 | R34: 8 | S34: 5 | T34: 0 | U34: 1 | V34: 1 | W34: 0 | X34: 1 | Y34: 6 | Z34: 6 | AA34: 8 | AB34: 1 | AC34: 0 | AD34: 8 | AE34: 8 | AF34: 82 | AG34: 94 | AH34: =VLOOKUP(A34,Kits!D35:I235,4,FALSE) -> 64.1175 | AI34: 82 | AJ34: =AH34*AI34 -> 5257.635 | AK34: Available in Cerrejon Stock
A35: E12633962 | B35: 3 | C35: 2 | D35: 6 | E35: 2 | F35: 1 | G35: 3 | H35: 3 | I35: 0 | J35: 3 | K35: 2 | L35: 1 | M35: 118 | N35: 5 | O35: 1 | P35: 1 | Q35: 0 | R35: 1 | S35: 3 | T35: 0 | U35: 5 | V35: 1 | W35: 0 | X35: 3 | Y35: 1 | Z35: 1 | AA35: 8 | AB35: 1 | AC35: 0 | AD35: 8 | AE35: 8 | AF35: 191 | AG35: 50 | AH35: =VLOOKUP(A35,Kits!D36:I236,4,FALSE) -> 105.0365 | AI35: 50 | AJ35: =AH35*AI35 -> 5251.825 | AK35: Available in Cerrejon Stock
A36: E12635857 | B36: 5 | C36: 3 | D36: 1 | E36: 1 | F36: 1 | G36: 3 | H36: 6 | I36: 4 | J36: 5 | K36: 3 | L36: 1 | M36: 5 | N36: 1 | O36: 5 | P36: 5 | Q36: 1 | R36: 6 | S36: 1 | T36: 5 | U36: 2 | V36: 5 | W36: 3 | X36: 5 | Y36: 4 | Z36: 2 | AA36: 3 | AB36: 5 | AC36: 5 | AD36: 5 | AE36: 5 | AF36: 106 | AG36: 305 | AH36: =VLOOKUP(A36,Kits!D37:I237,4,FALSE) -> 19.2975 | AI36: 106 | AJ36: =AH36*AI36 -> 2045.535 | AK36: Available in Cerrejon Stock
A37: E12638420 | B37: 5 | C37: 1 | D37: 3 | E37: 1 | F37: 1 | G37: 118 | H37: 1 | I37: 1 | J37: 5 | K37: 1 | L37: 3 | M37: 1 | N37: 6 | O37: 3 | P37: 5 | Q37: 1 | R37: 1 | S37: 1 | T37: 3 | U37: 6 | V37: 5 | W37: 1 | X37: 5 | Y37: 1 | Z37: 1 | AA37: 1 | AB37: 1 | AC37: 1 | AD37: 1 | AE37: 1 | AF37: 185 | AG37: 2 | AH37: =VLOOKUP(A37,Kits!D38:I238,4,FALSE) -> 306.94983 | AI37: 2 | AJ37: =AH37*AI37 -> 613.89966 | AK37: Available in Cerrejon Stock
A38: E12642566 | B38: 1 | C38: 1 | D38: 3 | E38: 3 | F38: 4 | G38: 6 | H38: 1 | I38: 1 | J38: 1 | K38: 1 | L38: 5 | M38: 1 | N38: 3 | O38: 1 | P38: 1 | Q38: 3 | R38: 6 | S38: 1 | T38: 5 | U38: 1 | V38: 1 | W38: 2 | X38: 1 | Y38: 1 | Z38: 3 | AA38: 6 | AB38: 1 | AC38: 1 | AD38: 1 | AE38: 1 | AF38: 67 | AG38: 30 | AH38: =VLOOKUP(A38,Kits!D39:I239,4,FALSE) -> 644.46268 | AI38: 30 | AJ38: =AH38*AI38 -> 19333.88 | AK38: Available in Cerrejon Stock
A39: E12643308 | B39: 2 | C39: 3 | D39: 4 | E39: 1 | F39: 1 | G39: 1 | H39: 3 | I39: 1 | J39: 2 | K39: 3 | L39: 1 | M39: 6 | N39: 1 | O39: 1 | P39: 2 | Q39: 3 | R39: 2 | S39: 5 | T39: 3 | U39: 118 | V39: 2 | W39: 3 | X39: 2 | Y39: 1 | Z39: 1 | AA39: 1 | AB39: 2 | AC39: 2 | AD39: 2 | AE39: 2 | AF39: 181 | AG39: 4 | AH39: =VLOOKUP(A39,Kits!D40:I240,4,FALSE) -> 407.9865 | AI39: 4 | AJ39: =AH39*AI39 -> 1631.946 | AK39: Available in Cerrejon Stock
A40: E12643922 | B40: 3 | C40: 4 | D40: 1 | E40: 5 | F40: 1 | G40: 3 | H40: 3 | I40: 0 | J40: 3 | K40: 4 | L40: 1 | M40: 4 | N40: 2 | O40: 5 | P40: 1 | Q40: 0 | R40: 6 | S40: 1 | T40: 0 | U40: 2 | V40: 1 | W40: 0 | X40: 3 | Y40: 1 | Z40: 1 | AA40: 1 | AB40: 1 | AC40: 0 | AD40: 1 | AE40: 1 | AF40: 59 | AG40: 4 | AH40: =VLOOKUP(A40,Kits!D41:I241,4,FALSE) -> 194.7595 | AI40: 4 | AJ40: =AH40*AI40 -> 779.038 | AK40: Available in Cerrejon Stock
A41: E12645102 | B41: 3 | C41: 4 | D41: 1 | E41: 5 | F41: 1 | G41: 3 | H41: 1 | I41: 1 | J41: 3 | K41: 1 | L41: 6 | M41: 1 | N41: 1 | O41: 2 | P41: 3 | Q41: 3 | R41: 5 | S41: 3 | T41: 1 | U41: 1 | V41: 1 | W41: 2 | X41: 3 | Y41: 1 | Z41: 1 | AA41: 2 | AB41: 2 | AC41: 2 | AD41: 2 | AE41: 2 | AF41: 67 | AG41: 9 | AH41: =VLOOKUP(A41,Kits!D42:I242,4,FALSE) -> 104.88565 | AI41: 9 | AJ41: =AH41*AI41 -> 943.97087 | AK41: Available in Cerrejon Stock
... A153: E15051857 | B153: 1 | C153: 4 | D153: 2 | E153: 5 | F153: 1 | G153: 5 | H153: 3 | I153: 1 | J153: 1 | K153: 1 | L153: 1 | M153: 6 | N153: 2 | O153: 1 | P153: 4 | Q153: 118 | R153: 1 | S153: 1 | T153: 1 | U153: 1 | V153: 6 | W153: 1 | X153: 3 | Y153: 1 | Z153: 1 | AA153: 1 | AB153: 1 | AC153: 1 | AD153: 1 | AE153: 1 | AF153: 177 | AG153: -1 | AH153: =VLOOKUP(A153,Kits!D154:I354,4,FALSE) -> 1844.9385 | AI153: 0 | AJ153: =AH153*AI153 -> 0 | AK153: Not Catalogued
A154: E4007022 | B154: 3 | C154: 4 | D154: 118 | E154: 5 | F154: 1 | G154: 3 | H154: 3 | I154: 1 | J154: 3 | K154: 4 | L154: 1 | M154: 4 | N154: 2 | O154: 1 | P154: 1 | Q154: 3 | R154: 2 | S154: 1 | T154: 3 | U154: 2 | V154: 1 | W154: 5 | X154: 3 | Y154: 1 | Z154: 1 | AA154: 5 | AB154: 1 | AC154: 5 | AD154: 5 | AE154: 5 | AF154: 197 | AG154: 0 | AH154: =VLOOKUP(A154,Kits!D156:I355,4,FALSE) -> 189.8791 | AI154: 0 | AJ154: =AH154*AI154 -> 0 | AK154: Cerrejon Stock in Zero
A155: E4022326 | B155: 3 | C155: 9 | D155: 6 | E155: 8 | F155: 4 | G155: 6 | H155: 12 | I155: 9 | J155: 3 | K155: 7 | L155: 5 | M155: 7 | N155: 11 | O155: 124 | P155: 10 | Q155: 6 | R155: 12 | S155: 5 | T155: 8 | U155: 11 | V155: 12 | W155: 124 | X155: 3 | Y155: 10 | Z155: 4 | AA155: 124 | AB155: 124 | AC155: 124 | AD155: 124 | AE155: 124 | AF155: 1039 | AG155: 760 | AH155: =VLOOKUP(A155,Kits!D157:I356,4,FALSE) -> 26.221413 | AI155: 760 | AJ155: =AH155*AI155 -> 19928.274 | AK155: Available in Cerrejon Stock
A156: E4028042 | B156: 1 | C156: 5 | D156: 3 | E156: 1 | F156: 1 | G156: 2 | H156: 1 | I156: 0 | J156: 1 | K156: 5 | L156: 3 | M156: 1 | N156: 2 | O156: 6 | P156: 3 | Q156: 0 | R156: 4 | S156: 1 | T156: 0 | U156: 2 | V156: 3 | W156: 0 | X156: 1 | Y156: 1 | Z156: 1 | AA156: 3 | AB156: 1 | AC156: 0 | AD156: 3 | AE156: 3 | AF156: 58 | AG156: 0 | AH156: =VLOOKUP(A156,Kits!D158:I357,4,FALSE) -> 15.9194 | AI156: 0 | AJ156: =AH156*AI156 -> 0 | AK156: Cerrejon Stock in Zero
A157: E4028916 | B157: 4 | C157: 1 | D157: 1 | E157: 1 | F157: 1 | G157: 3 | H157: 4 | I157: 0 | J157: 4 | K157: 1 | L157: 5 | M157: 5 | N157: 1 | O157: 3 | P157: 1 | Q157: 0 | R157: 1 | S157: 1 | T157: 0 | U157: 1 | V157: 1 | W157: 0 | X157: 4 | Y157: 1 | Z157: 1 | AA157: 8 | AB157: 1 | AC157: 0 | AD157: 8 | AE157: 8 | AF157: 70 | AG157: 81 | AH157: =VLOOKUP(A157,Kits!D159:I358,4,FALSE) -> 15.438 | AI157: 70 | AJ157: =AH157*AI157 -> 1080.66 | AK157: Available in Cerrejon Stock
A158: E4042270 | B158: 1 | C158: 1 | D158: 3 | E158: 1 | F158: 2 | G158: 2 | H158: 1 | I158: 5 | J158: 1 | K158: 1 | L158: 3 | M158: 1 | N158: 1 | O158: 6 | P158: 1 | Q158: 3 | R158: 4 | S158: 1 | T158: 1 | U158: 2 | V158: 1 | W158: 3 | X158: 1 | Y158: 5 | Z158: 3 | AA158: 1 | AB158: 1 | AC158: 3 | AD158: 1 | AE158: 1 | AF158: 61 | AG158: 0 | AH158: =VLOOKUP(A158,Kits!D160:I359,4,FALSE) -> 19.4635 | AI158: 0 | AJ158: =AH158*AI158 -> 0 | AK158: Cerrejon Stock in Zero
A159: E4043950 | B159: 119 | C159: 2 | D159: 4 | E159: 6 | F159: 7 | G159: 4 | H159: 6 | I159: 5 | J159: 119 | K159: 6 | L159: 4 | M159: 6 | N159: 9 | O159: 16 | P159: 7 | Q159: 4 | R159: 6 | S159: 4 | T159: 8 | U159: 9 | V159: 6 | W159: 16 | X159: 119 | Y159: 9 | Z159: 7 | AA159: 16 | AB159: 16 | AC159: 16 | AD159: 16 | AE159: 16 | AF159: 588 | AG159: 343 | AH159: =VLOOKUP(A159,Kits!D161:I360,4,FALSE) -> 99.575777 | AI159: 343 | AJ159: =AH159*AI159 -> 34154.492 | AK159: Available in Cerrejon Stock
A160: E4058129 | B160: 1 | C160: 1 | D160: 3 | E160: 4 | F160: 6 | G160: 1 | H160: 1 | I160: 1 | J160: 1 | K160: 1 | L160: 1 | M160: 3 | N160: 1 | O160: 6 | P160: 1 | Q160: 1 | R160: 118 | S160: 5 | T160: 5 | U160: 1 | V160: 1 | W160: 1 | X160: 1 | Y160: 6 | Z160: 6 | AA160: 1 | AB160: 1 | AC160: 1 | AD160: 1 | AE160: 1 | AF160: 182 | AG160: 1 | AH160: =VLOOKUP(A160,Kits!D162:I361,4,FALSE) -> 423.5822 | AI160: 1 | AJ160: =AH160*AI160 -> 423.5822 | AK160: Available in Cerrejon Stock
A161: E4094716 | B161: 1 | C161: 5 | D161: 1 | E161: 3 | F161: 4 | G161: 1 | H161: 2 | I161: 1 | J161: 1 | K161: 5 | L161: 3 | M161: 1 | N161: 5 | O161: 1 | P161: 1 | Q161: 1 | R161: 3 | S161: 4 | T161: 1 | U161: 5 | V161: 1 | W161: 5 | X161: 1 | Y161: 1 | Z161: 8 | AA161: 8 | AB161: 1 | AC161: 5 | AD161: 8 | AE161: 8 | AF161: 95 | AG161: 0 | AH161: =VLOOKUP(A161,Kits!D163:I362,4,FALSE) -> 12.45 | AI161: 0 | AJ161: =AH161*AI161 -> 0 | AK161: Cerrejon Stock in Zero
A162: E427648 | B162: 1 | C162: 3 | D162: 3 | E162: 2 | F162: 6 | G162: 5 | H162: 1 | I162: 0 | J162: 1 | K162: 3 | L162: 3 | M162: 6 | N162: 4 | O162: 118 | P162: 1 | Q162: 0 | R162: 1 | S162: 1 | T162: 0 | U162: 4 | V162: 1 | W162: 0 | X162: 1 | Y162: 1 | Z162: 1 | AA162: 1 | AB162: 6 | AC162: 0 | AD162: 1 | AE162: 1 | AF162: 176 | AG162: 2 | AH162: =VLOOKUP(A162,Kits!D164:I363,4,FALSE) -> 5.6191 | AI162: 2 | AJ162: =AH162*AI162 -> 11.2382 | AK162: Available in Cerrejon Stock
A163: EHJ921250 | B163: 1 | C163: 3 | D163: 6 | E163: 4 | F163: 1 | G163: 2 | H163: 1 | I163: 6 | J163: 1 | K163: 3 | L163: 3 | M163: 1 | N163: 3 | O163: 1 | P163: 1 | Q163: 2 | R163: 2 | S163: 1 | T163: 5 | U163: 3 | V163: 1 | W163: 4 | X163: 1 | Y163: 1 | Z163: 1 | AA163: 1 | AB163: 5 | AC163: 4 | AD163: 1 | AE163: 1 | AF163: 70 | AG163: -1 | AH163: =VLOOKUP(A163,Kits!D165:I364,4,FALSE) -> 3.3692308 | AI163: 0 | AJ163: =AH163*AI163 -> 0 | AK163: Not Catalogued
A164: EHJ921260 | B164: 3 | C164: 2 | D164: 6 | E164: 2 | F164: 1 | G164: 3 | H164: 3 | I164: 3 | J164: 3 | K164: 2 | L164: 1 | M164: 118 | N164: 1 | O164: 1 | P164: 1 | Q164: 3 | R164: 1 | S164: 3 | T164: 5 | U164: 1 | V164: 1 | W164: 1 | X164: 3 | Y164: 1 | Z164: 1 | AA164: 1 | AB164: 1 | AC164: 1 | AD164: 1 | AE164: 1 | AF164: 175 | AG164: 0 | AH164: =VLOOKUP(A164,Kits!D166:I365,4,FALSE) -> 0.9545 | AI164: 0 | AJ164: =AH164*AI164 -> 0 | AK164: Cerrejon Stock in Zero
A165: EHJ922726 | B165: 9 | C165: 4 | D165: 2 | E165: 7 | F165: 6 | G165: 2 | H165: 7 | I165: 2 | J165: 9 | K165: 6 | L165: 120 | M165: 5 | N165: 3 | O165: 7 | P165: 8 | Q165: 2 | R165: 2 | S165: 2 | T165: 4 | U165: 3 | V165: 4 | W165: 4 | X165: 9 | Y165: 10 | Z165: 6 | AA165: 3 | AB165: 6 | AC165: 4 | AD165: 3 | AE165: 3 | AF165: 262 | AG165: 5 | AH165: =VLOOKUP(A165,Kits!D167:I366,4,FALSE) -> 100.66899 | AI165: 5 | AJ165: =AH165*AI165 -> 503.34493 | AK165: Available in Cerrejon Stock
... A167: TDAX141600-1 | B167: 1 | C167: 1 | D167: 1 | E167: 1 | F167: 1 | G167: 1 | H167: 1 | I167: 1 | J167: 1 | K167: 1 | L167: 1 | M167: 1 | N167: 1 | O167: 1 | P167: 1 | Q167: 1 | R167: 1 | S167: 1 | T167: 1 | U167: 1 | V167: 1 | W167: 1 | X167: 1 | Y167: 1 | Z167: 1 | AA167: 1 | AB167: 1 | AC167: 1 | AD167: 1 | AE167: 1 | AF167: 30 | AG167: -1 | AH167: =VLOOKUP(A167,Kits!D169:I368,4,FALSE) -> 4906 | AI167: 0 | AJ167: =AH167*AI167 -> 0 | AK167: Not Catalogued

Sheet Component parts impact
A1: Component | B1: PN | C1: Name | D1: qty | E1: Total components required | F1: Components inventory | G1: Stock Cerrejon Inventory | H1: Cerrejon price | I1: Grant total | J1: Req Inventory Cerrejon | K1: Impact Cerrejon inventory | L1: Category Item
A2: Rear strut | B2: E12593214 | C2: DAMPER 1130211 E12593214 | D2: 1 | E2: 3 | F2: 14 | G2: 7 | H2: 718.26 | I2: 0 | J2: 0 | K2: =J2*H2 -> 0 | L2: Available in Cerrejon Stock
A3: Rear strut | B3: E12595405 | C3: FLUIDO HIDRÁULICO SUSPENSIÓN E12595405. | D3: 2 | E3: 3 | F3: 14 | G3: 70 | H3: 882.81 | I3: 0 | J3: 0 | K3: =J3*H3 -> 0 | L3: Available in Cerrejon Stock
A4: Rear strut | B4: E12644697 | C4: KIT DE SELLOS E12644697 | D4: 1 | E4: 3 | F4: 14 | G4: 0 | H4: 2189.09 | I4: 0 | J4: =I4-G4 -> 0 | K4: =J4*H4 -> 0 | L4: Cerrejon Stock in Zero
A5: Rear strut | B5: E4091929 | C5: BALIN ACER 1130113 E4091929 E13801356 | D5: 4 | E5: 3 | F5: 14 | G5: -1 | H5: 2.6 | I5: 0 | J5: 0 | K5: =J5*H5 -> 0 | L5: Not Catalogued
A6: Front strut | B6: E12593214 | C6: DAMPER 1130211 E12593214 | D6: 1 | E6: 2 | F6: 13 | G6: 7 | H6: 718.26 | I6: 0 | J6: 0 | K6: =J6*H6 -> 0 | L6: Available in Cerrejon Stock
A7: Front strut | B7: E12595405 | C7: FLUIDO HIDRÁULICO SUSPENSIÓN E12595405. | D7: 1 | E7: 2 | F7: 13 | G7: 70 | H7: 882.81 | I7: 0 | J7: 0 | K7: =J7*H7 -> 0 | L7: Available in Cerrejon Stock
A8: Front strut | B8: E12644697 | C8: KIT DE SELLOS E12644697 | D8: 1 | E8: 2 | F8: 13 | G8: 0 | H8: 2189.09 | I8: 0 | J8: 0 | K8: =J8*H8 -> 0 | L8: Cerrejon Stock in Zero
A9: Front strut | B9: E4019512 | C9: RING RETAINING E4019512 | D9: 2 | E9: 2 | F9: 13 | G9: 183 | H9: 29.8 | I9: 0 | J9: 0 | K9: =J9*H9 -> 0 | L9: Available in Cerrejon Stock
A10: Front strut | B10: E4091929 | C10: BALIN ACER 1130113 E4091929 E13801356 | D10: 4 | E10: 2 | F10: 13 | G10: -1 | H10: 18.03 | I10: 0 | J10: 0 | K10: =J10*H10 -> 0 | L10: Available in Cerrejon Stock
A11: Hoist Cylinder | B11: E12595239 | C11: VALVULA RELIEF E12595239 50/34 (REV 2) | D11: 1 | E11: 5 | F11: 3 | G11: 37 | H11: 131.98 | I11: =ABS(((D11*(E11-F11)))) -> 2 | J11: =I11-G211 -> 2 | K11: =J11*H11 -> 263.96 | L11: Available in Cerrejon Stock
A12: Hoist Cylinder | B12: E12595243 | C12: RING E12595243 | D12: 1 | E12: 5 | F12: 3 | G12: 8 | H12: 252.2 | I12: =ABS(((D12*(E12-F12)))) -> 2 | J12: 2 | K12: =J12*H12 -> 504.4 | L12: Available in Cerrejon Stock
A13: Hoist Cylinder | B13: E12628570 | C13: PLUG E12628570 | D13: 1 | E13: 5 | F13: 3 | G13: 4 | H13: 78.86 | I13: =ABS(((D13*(E13-F13)))) -> 2 | J13: 2 | K13: =J13*H13 -> 157.72 | L13: Available in Cerrejon Stock
A14: Hoist Cylinder | B14: E12628578 | C14: PIN E12628578 | D14: 1 | E14: 5 | F14: 3 | G14: 4 | H14: 39.4 | I14: =ABS(((D14*(E14-F14)))) -> 2 | J14: 2 | K14: =J14*H14 -> 78.8 | L14: Available in Cerrejon Stock
A15: Hoist Cylinder | B15: E12628608 | C15: KIT E12628608 | D15: 1 | E15: 5 | F15: 3 | G15: 0 | H15: 3362.35 | I15: =ABS(((D15*(E15-F15)))) -> 2 | J15: =I15-G15 -> 2 | K15: =J15*H15 -> 6724.7 | L15: Cerrejon Stock in Zero
A16: Hoist Cylinder | B16: E13801700 | C16: SCREW-SET 1130035 E13801700 | D16: 2 | E16: 5 | F16: 3 | G16: 0 | H16: 0.35 | I16: =ABS(((D16*(E16-F16)))) -> 4 | J16: =I16-G16 -> 4 | K16: =J16*H16 -> 1.4 | L16: Cerrejon Stock in Zero
A17: Hoist Cylinder | B17: E13804055 | C17: ORING 1129711 - E13804055 | D17: 3 | E17: 5 | F17: 3 | G17: 92 | H17: 1.53 | I17: =ABS(((D17*(E17-F17)))) -> 6 | J17: 6 | K17: =J17*H17 -> 9.18 | L17: Available in Cerrejon Stock
A18: Hoist Cylinder | B18: E13804059 | C18: ORING E13804059 | D18: 1 | E18: 5 | F18: 3 | G18: 142 | H18: 1.58 | I18: =ABS(((D18*(E18-F18)))) -> 2 | J18: 2 | K18: =J18*H18 -> 3.16 | L18: Available in Cerrejon Stock
A19: Hoist Cylinder | B19: E13804060 | C19: O-RING E13804060 | D19: 1 | E19: 5 | F19: 3 | G19: 7 | H19: 1.82 | I19: =ABS(((D19*(E19-F19)))) -> 2 | J19: 2 | K19: =J19*H19 -> 3.64 | L19: Available in Cerrejon Stock
A20: Hoist Cylinder | B20: E13807543 | C20: TAPON VALVULA FRENO E13807543 | D20: 3 | E20: 5 | F20: 3 | G20: 52 | H20: 3.74 | I20: =ABS(((D20*(E20-F20)))) -> 6 | J20: 6 | K20: =J20*H20 -> 22.44 | L20: Available in Cerrejon Stock
A21: Hoist Cylinder | B21: E13807546 | C21: TAPON FRENO PARQUEO E13807546 | D21: 1 | E21: 5 | F21: 3 | G21: 25 | H21: 4.46 | I21: =ABS(((D21*(E21-F21)))) -> 2 | J21: 2 | K21: =J21*H21 -> 8.92 | L21: Available in Cerrejon Stock
A22: Hoist Cylinder | B22: E13807548 | C22: PLUG E13807548 | D22: 1 | E22: 5 | F22: 3 | G22: 33 | H22: 10.49 | I22: =ABS(((D22*(E22-F22)))) -> 2 | J22: 2 | K22: =J22*H22 -> 20.98 | L22: Available in Cerrejon Stock
A23: Hoist Cylinder | B23: E13811036 | C23: SCREW E13811036 | D23: 4 | E23: 5 | F23: 3 | G23: 860 | H23: 0.46 | I23: =ABS(((D23*(E23-F23)))) -> 8 | J23: 8 | K23: =J23*H23 -> 3.68 | L23: Available in Cerrejon Stock
A24: Hoist Cylinder | B24: E13811075 | C24: TORNILLO E13811075 | D24: 4 | E24: 5 | F24: 3 | G24: 195 | H24: 0.82 | I24: =ABS(((D24*(E24-F24)))) -> 8 | J24: 8 | K24: =J24*H24 -> 6.56 | L24: Available in Cerrejon Stock
A25: Hoist Cylinder | B25: E13811473 | C25: FLANGE E13811473 | D25: 2 | E25: 5 | F25: 3 | G25: 0 | H25: 3.96 | I25: =ABS(((D25*(E25-F25)))) -> 4 | J25: 0 | K25: =J25*H25 -> 0 | L25: Cerrejon Stock in Zero
A26: Hoist Cylinder | B26: E13811475 | C26: FLANGE E13811475 | D26: 2 | E26: 5 | F26: 3 | G26: 34 | H26: 6.37 | I26: =ABS(((D26*(E26-F26)))) -> 4 | J26: 4 | K26: =J26*H26 -> 25.48 | L26: Available in Cerrejon Stock
A27: Hoist Cylinder | B27: E1551681 | C27: PLUG E1551681 | D27: 1 | E27: 5 | F27: 3 | G27: 31 | H27: 14.5 | I27: =ABS(((D27*(E27-F27)))) -> 2 | J27: 2 | K27: =J27*H27 -> 29 | L27: Available in Cerrejon Stock
A28: Hoist Cylinder | B28: E1551683 | C28: PLUG E1551683 | D28: 1 | E28: 5 | F28: 3 | G28: 323 | H28: 25.9 | I28: =ABS(((D28*(E28-F28)))) -> 2 | J28: 2 | K28: =J28*H28 -> 51.8 | L28: Cerrejon Stock in Zero
... A49: Final drive | B49: E12637067 | C49: SELLO E12637067 | D49: 1 | E49: 8 | F49: 4 | G49: 0 | H49: 3474.09 | I49: =ABS(((D49*(E49-F49)))) -> 4 | J49: 0 | K49: =J49*H49 -> 0 | L49: Cerrejon Stock in Zero
A50: Final drive | B50: E12638039 | C50: SELLO E12638039 | D50: 1 | E50: 8 | F50: 4 | G50: 1 | H50: 7394.4 | I50: =ABS(((D50*(E50-F50)))) -> 4 | J50: =I50-G50 -> 3 | K50: =J50*H50 -> 22183.2 | L50: Available in Cerrejon Stock
A51: Final drive | B51: E12666611 | C51: SELLO E12666611 | D51: 1 | E51: 8 | F51: 4 | G51: 29 | H51: 281.77 | I51: =ABS(((D51*(E51-F51)))) -> 4 | J51: 4 | K51: =J51*H51 -> 1127.08 | L51: Available in Cerrejon Stock
A52: Final drive | B52: E12667385 | C52: MAGNETIC E12667385. | D52: 1 | E52: 8 | F52: 4 | G52: 6 | H52: 119.77 | I52: =ABS(((D52*(E52-F52)))) -> 4 | J52: 4 | K52: =J52*H52 -> 479.08 | L52: Available in Cerrejon Stock
A53: Final drive | B53: E13803348 | C53: ADAPTADOR E13803348 | D53: 4 | E53: 8 | F53: 4 | G53: 36 | H53: 13.29 | I53: =ABS(((D53*(E53-F53)))) -> 16 | J53: 16 | K53: =J53*H53 -> 212.64 | L53: Available in Cerrejon Stock
A54: Final drive | B54: E13804047 | C54: O-RING E13804047 | D54: 2 | E54: 8 | F54: 4 | G54: 108 | H54: 6.23 | I54: =ABS(((D54*(E54-F54)))) -> 8 | J54: 8 | K54: =J54*H54 -> 49.84 | L54: Available in Cerrejon Stock
A55: Final drive | B55: E13804055 | C55: ORING 1129711 - E13804055 | D55: 2 | E55: 8 | F55: 4 | G55: 92 | H55: 1.53 | I55: =ABS(((D55*(E55-F55)))) -> 8 | J55: 8 | K55: =J55*H55 -> 12.24 | L55: Available in Cerrejon Stock
A56: Final drive | B56: E13804056 | C56: O-RING E13804056 | D56: 1 | E56: 8 | F56: 4 | G56: 116 | H56: 0.69 | I56: =ABS(((D56*(E56-F56)))) -> 4 | J56: 4 | K56: =J56*H56 -> 2.76 | L56: Available in Cerrejon Stock
A57: Final drive | B57: E13804058 | C57: ORING E13804058 | D57: 1 | E57: 8 | F57: 4 | G57: 7 | H57: 1.07 | I57: =ABS(((D57*(E57-F57)))) -> 4 | J57: 4 | K57: =J57*H57 -> 4.28 | L57: Available in Cerrejon Stock
A58: Final drive | B58: E13804059 | C58: ORING E13804059 | D58: 4 | E58: 8 | F58: 4 | G58: 142 | H58: 1.58 | I58: =ABS(((D58*(E58-F58)))) -> 16 | J58: 16 | K58: =J58*H58 -> 25.28 | L58: Available in Cerrejon Stock
A59: Final drive | B59: E13804061 | C59: O-RING E13804061 | D59: 1 | E59: 8 | F59: 4 | G59: 33 | H59: 2.81 | I59: =ABS(((D59*(E59-F59)))) -> 4 | J59: 4 | K59: =J59*H59 -> 11.24 | L59: Available in Cerrejon Stock
A60: Final drive | B60: E13805268 | C60: O-RING E13805268 | D60: 1 | E60: 8 | F60: 4 | G60: 22 | H60: 2.86 | I60: =ABS(((D60*(E60-F60)))) -> 4 | J60: 4 | K60: =J60*H60 -> 11.44 | L60: Available in Cerrejon Stock
A61: Final drive | B61: E13805310 | C61: ORING E13805310 | D61: 1 | E61: 8 | F61: 4 | G61: 39 | H61: 2.71 | I61: =ABS(((D61*(E61-F61)))) -> 4 | J61: 4 | K61: =J61*H61 -> 10.84 | L61: Available in Cerrejon Stock
A62: Final drive | B62: E13805958 | C62: ARO E13805958. | D62: 3 | E62: 8 | F62: 4 | G62: 60 | H62: 5.7 | I62: =ABS(((D62*(E62-F62)))) -> 12 | J62: 12 | K62: =J62*H62 -> 68.4 | L62: Available in Cerrejon Stock
... A84: Accum Steer | B84: E4087756 | C84: O-RING | D84: 2 | E84: 27 | F84: 2 | G84: 4220 | H84: 2.34 | I84: =ABS(((D84*(E84-F84)))) -> 50 | J84: 50 | K84: =J84*H84 -> 117 | L84: Available in Cerrejon Stock

Sheet Inventory total
A1: Truck | B1: PN | C1: Description | D1: QTY | E1: CHM Dealer price | F1: Total price
A2: 823 | B2: E13811534 | C2: Locknut, m12 x1.75 yel | D2: 1 | E2: 0.3486 | F2: =D2*E2 -> 0.3486
A3: 823 | B3: E12628761 | C3: Compressor,high outpt 1 | D3: 1 | E3: 803.07692 | F3: =D3*E3 -> 803.07692
A4: 823 | B4: E12981645 | C4: Receiver drier | D4: 1 | E4: 49.678568 | F4: =D4*E4 -> 49.678568
A5: 823 | B5: E12643308 | C5: A/c condenser | D5: 2 | E5: 407.9865 | F5: =D5*E5 -> 815.973
A6: 823 | B6: E13803040 | C6: Clamp | D6: 5 | E6: 0.57783936 | F6: =D6*E6 -> 2.8891968
A7: 823 | B7: E13807441 | C7: Lock nut | D7: 75 | E7: 0.11538462 | F7: =D7*E7 -> 8.6538462
A8: 823 | B8: E13813399 | C8: Clamp | D8: 10 | E8: 1.3944 | F8: =D8*E8 -> 13.944
A9: 823 | B9: E13811467 | C9: Lock nut | D9: 20 | E9: 0.71839488 | F9: =D9*E9 -> 14.367898
A10: 823 | B10: E13813400 | C10: Clamp | D10: 15 | E10: 1.9307692 | F10: =D10*E10 -> 28.961538
A11: 823 | B11: E13813373 | C11: Clamp | D11: 40 | E11: 0.9545 | F11: =D11*E11 -> 38.18
A12: 823 | B12: E13803044 | C12: Clamp | D12: 65 | E12: 0.7636 | F12: =D12*E12 -> 49.634
A13: 823 | B13: E12646913 | C13: Kit-drain hose | D13: 5 | E13: 20.3516 | F13: =D13*E13 -> 101.758
... A2476: 835 | B2476: E12696031 | C2476: Display Main cab | D2476: 6 | E2476: 6724.2782 | F2476: =D2476*E2476 -> 40345.669
A2477: 835 | B2477: 4656354 | C2477: Switch box display | D2477: 1 | E2477: 1168.0258 | F2477: =D2477*E2477 -> 1168.0258
A2478: 835 | B2478: E12978122 | C2478: Kit, seal | D2478: 3 | E2478: 119.8354 | F2478: =D2478*E2478 -> 359.5062
A2479: 835 | B2479: E12699796 | C2479: Element, filter | D2479: 1 | E2479: 97.646154 | F2479: =D2479*E2479 -> 97.646154
A2480: 835 | B2480: E12978122 | C2480: Kit, seal | D2480: 1 | E2480: 119.8354 | F2480: =D2480*E2480 -> 119.8354
A2481: 835 | B2481: E12699796 | C2481: Element, filter | D2481: 3 | E2481: 97.646154 | F2481: =D2481*E2481 -> 292.93846
A2482: 835 | B2482: E4007022 | C2482: Injector | D2482: 2 | E2482: 189.8791 | F2482: =D2482*E2482 -> 379.7582
A2483: 835 | B2483: E12660586 | C2483: Injector | D2483: 1 | E2483: 1287.1385 | F2483: =D2483*E2483 -> 1287.1385
A2484: 835 | B2484: E12977367 | C2484: Vent Valve | D2484: 5 | E2484: 1363.0372 | F2484: =D2484*E2484 -> 6815.1858
A2485: 835 | B2485: E4058129 | C2485: Valve | D2485: 1 | E2485: 423.5822 | F2485: =D2485*E2485 -> 423.5822
A2486: 835 | B2486: E12979473 | C2486: Kit seal pump | D2486: 3 | E2486: 36.4702 | F2486: =D2486*E2486 -> 109.4106
A2487: 835 | B2487: E12979471 | C2487: Kit seal hyd valve lube pump | D2487: 6 | E2487: 61.492308 | F2487: =D2487*E2487 -> 368.95385
A2488: 835 | B2488: E13811534 | C2488: Lock | D2488: 6 | E2488: 0.3486 | F2488: =D2488*E2488 -> 2.0916
A2489: 835 | B2489: EHJ921260 | C2489: SCREW | D2489: 1 | E2489: 0.9545 | F2489: =D2489*E2489 -> 0.9545
... A2676: 836 | B2676: E12696031 | C2676: Display Main cab | D2676: 4 | E2676: 6724.2782 | F2676: =D2676*E2676 -> 26897.113
A2677: 836 | B2677: 4656354 | C2677: Switch box display | D2677: 1 | E2677: 1168.0258 | F2677: =D2677*E2677 -> 1168.0258
A2678: 836 | B2678: E12978122 | C2678: Kit, seal | D2678: 118 | E2678: 119.8354 | F2678: =D2678*E2678 -> 14140.577
A2679: 836 | B2679: E12699796 | C2679: Element, filter | D2679: 1 | E2679: 97.646154 | F2679: =D2679*E2679 -> 97.646154
A2680: 836 | B2680: E12978122 | C2680: Kit, seal | D2680: 1 | E2680: 119.8354 | F2680: =D2680*E2680 -> 119.8354
A2681: 836 | B2681: E12699796 | C2681: Element, filter | D2681: 3 | E2681: 97.646154 | F2681: =D2681*E2681 -> 292.93846
A2682: 836 | B2682: E4007022 | C2682: Injector | D2682: 1 | E2682: 189.8791 | F2682: =D2682*E2682 -> 189.8791
A2683: 836 | B2683: E12660586 | C2683: Injector | D2683: 2 | E2683: 1287.1385 | F2683: =D2683*E2683 -> 2574.2769
A2684: 836 | B2684: E12977367 | C2684: Vent Valve | D2684: 3 | E2684: 1363.0372 | F2684: =D2684*E2684 -> 4089.1115
A2685: 836 | B2685: E4058129 | C2685: Valve | D2685: 6 | E2685: 423.5822 | F2685: =D2685*E2685 -> 2541.4932
A2686: 836 | B2686: E12979473 | C2686: Kit seal pump | D2686: 6 | E2686: 36.4702 | F2686: =D2686*E2686 -> 218.8212
A2687: 836 | B2687: E12979471 | C2687: Kit seal hyd valve lube pump | D2687: 1 | E2687: 61.492308 | F2687: =D2687*E2687 -> 61.492308
A2688: 836 | B2688: E13811534 | C2688: Lock | D2688: 3 | E2688: 0.3486 | F2688: =D2688*E2688 -> 1.0458
A2689: 836 | B2689: EHJ921260 | C2689: SCREW | D2689: 1 | E2689: 0.9545 | F2689: =D2689*E2689 -> 0.9545
... A2876: 837 | B2876: E12696031 | C2876: Display Main cab | D2876: 1 | E2876: 6724.2782 | F2876: =D2876*E2876 -> 6724.2782
A2877: 837 | B2877: 4656354 | C2877: Switch box display | D2877: 3 | E2877: 1168.0258 | F2877: =D2877*E2877 -> 3504.0774
A2878: 837 | B2878: E12978122 | C2878: Kit, seal | D2878: 1 | E2878: 119.8354 | F2878: =D2878*E2878 -> 119.8354
A2879: 837 | B2879: E12699796 | C2879: Element, filter | D2879: 1 | E2879: 97.646154 | F2879: =D2879*E2879 -> 97.646154
A2880: 837 | B2880: E12978122 | C2880: Kit, seal | D2880: 3 | E2880: 119.8354 | F2880: =D2880*E2880 -> 359.5062
A2881: 837 | B2881: E12699796 | C2881: Element, filter | D2881: 2 | E2881: 97.646154 | F2881: =D2881*E2881 -> 195.29231
A2882: 837 | B2882: E4007022 | C2882: Injector | D2882: 1 | E2882: 189.8791 | F2882: =D2882*E2882 -> 189.8791
A2883: 837 | B2883: E12660586 | C2883: Injector | D2883: 5 | E2883: 1287.1385 | F2883: =D2883*E2883 -> 6435.6923
A2884: 837 | B2884: E12977367 | C2884: Vent Valve | D2884: 1 | E2884: 1363.0372 | F2884: =D2884*E2884 -> 1363.0372
A2885: 837 | B2885: E4058129 | C2885: Valve | D2885: 1 | E2885: 423.5822 | F2885: =D2885*E2885 -> 423.5822
A2886: 837 | B2886: E12979473 | C2886: Kit seal pump | D2886: 1 | E2886: 36.4702 | F2886: =D2886*E2886 -> 36.4702
A2887: 837 | B2887: E12979471 | C2887: Kit seal hyd valve lube pump | D2887: 5 | E2887: 61.492308 | F2887: =D2887*E2887 -> 307.46154
A2888: 837 | B2888: E13811534 | C2888: Lock | D2888: 5 | E2888: 0.3486 | F2888: =D2888*E2888 -> 1.743
A2889: 837 | B2889: EHJ921260 | C2889: SCREW | D2889: 1 | E2889: 0.9545 | F2889: =D2889*E2889 -> 0.9545
... A3445: 840 | B3445: E12696031 | C3445: Display Main cab | D3445: 1 | E3445: 6724.278 | F3445: =D3445*E3445 -> 6724.278
A3446: 840 | B3446: 4656354 | C3446: Switch box display | D3446: 3 | E3446: 1168.026 | F3446: =D3446*E3446 -> 3504.078
A3447: 840 | B3447: E12978122 | C3447: Kit, seal | D3447: 2 | E3447: 119.8354 | F3447: =D3447*E3447 -> 239.6708
A3448: 840 | B3448: E12699796 | C3448: Element, filter | D3448: 1 | E3448: 97.64615 | F3448: =D3448*E3448 -> 97.64615
A3449: 840 | B3449: E12978122 | C3449: Kit, seal | D3449: 5 | E3449: 119.8354 | F3449: =D3449*E3449 -> 599.177
A3450: 840 | B3450: E12699796 | C3450: Element, filter | D3450: 1 | E3450: 97.64615 | F3450: =D3450*E3450 -> 97.64615
A3451: 840 | B3451: E4007022 | C3451: Injector | D3451: 1 | E3451: 189.8791 | F3451: =D3451*E3451 -> 189.8791
A3452: 840 | B3452: E12660586 | C3452: Injector | D3452: 1 | E3452: 1287.138 | F3452: =D3452*E3452 -> 1287.138
A3453: 840 | B3453: E12977367 | C3453: Vent Valve | D3453: 5 | E3453: 1363.037 | F3453: =D3453*E3453 -> 6815.185
A3454: 840 | B3454: E4058129 | C3454: Valve | D3454: 5 | E3454: 423.5822 | F3454: =D3454*E3454 -> 2117.911
A3455: 840 | B3455: E12979473 | C3455: Kit seal pump | D3455: 1 | E3455: 36.4702 | F3455: =D3455*E3455 -> 36.4702
A3456: 840 | B3456: E12979471 | C3456: Kit seal hyd valve lube pump | D3456: 1 | E3456: 61.49231 | F3456: =D3456*E3456 -> 61.49231
A3457: 840 | B3457: E13811534 | C3457: Lock | D3457: 4 | E3457: 0.3486 | F3457: =D3457*E3457 -> 1.3944
A3458: 840 | B3458: EHJ921260 | C3458: SCREW | D3458: 3 | E3458: 0.9545 | F3458: =D3458*E3458 -> 2.8635
... A3615: 841 | B3615: E12696031 | C3615: Display Main cab | D3615: 6 | E3615: 6724.278 | F3615: =D3615*E3615 -> 40345.668
A3616: 841 | B3616: 4656354 | C3616: Switch box display | D3616: 6 | E3616: 1168.026 | F3616: =D3616*E3616 -> 7008.156
A3617: 841 | B3617: E12978122 | C3617: Kit, seal | D3617: 1 | E3617: 119.8354 | F3617: =D3617*E3617 -> 119.8354
A3618: 841 | B3618: E12699796 | C3618: Element, filter | D3618: 3 | E3618: 97.64615 | F3618: =D3618*E3618 -> 292.93845
A3619: 841 | B3619: E12978122 | C3619: Kit, seal | D3619: 1 | E3619: 119.8354 | F3619: =D3619*E3619 -> 119.8354
A3620: 841 | B3620: E12699796 | C3620: Element, filter | D3620: 1 | E3620: 97.64615 | F3620: =D3620*E3620 -> 97.64615
A3621: 841 | B3621: E4007022 | C3621: Injector | D3621: 3 | E3621: 189.8791 | F3621: =D3621*E3621 -> 569.6373
A3622: 841 | B3622: E12660586 | C3622: Injector | D3622: 2 | E3622: 1287.138 | F3622: =D3622*E3622 -> 2574.276
A3623: 841 | B3623: E12977367 | C3623: Vent Valve | D3623: 1 | E3623: 1363.037 | F3623: =D3623*E3623 -> 1363.037
A3624: 841 | B3624: E4058129 | C3624: Valve | D3624: 5 | E3624: 423.5822 | F3624: =D3624*E3624 -> 2117.911
A3625: 841 | B3625: E12979473 | C3625: Kit seal pump | D3625: 1 | E3625: 36.4702 | F3625: =D3625*E3625 -> 36.4702
A3626: 841 | B3626: E12979471 | C3626: Kit seal hyd valve lube pump | D3626: 1 | E3626: 61.49231 | F3626: =D3626*E3626 -> 61.49231
A3627: 841 | B3627: E13811534 | C3627: Lock | D3627: 1 | E3627: 0.3486 | F3627: =D3627*E3627 -> 0.3486
A3628: 841 | B3628: EHJ921260 | C3628: SCREW | D3628: 5 | E3628: 0.9545 | F3628: =D3628*E3628 -> 4.7725
... A3814: 842 | B3814: E12696031 | C3814: Display Main cab | D3814: 6 | E3814: 6724.278 | F3814: =D3814*E3814 -> 40345.668
A3815: 842 | B3815: 4656354 | C3815: Switch box display | D3815: 1 | E3815: 1168.026 | F3815: =D3815*E3815 -> 1168.026
A3816: 842 | B3816: E12978122 | C3816: Kit, seal | D3816: 3 | E3816: 119.8354 | F3816: =D3816*E3816 -> 359.5062
A3817: 842 | B3817: E12699796 | C3817: Element, filter | D3817: 1 | E3817: 97.64615 | F3817: =D3817*E3817 -> 97.64615
A3818: 842 | B3818: E12978122 | C3818: Kit, seal | D3818: 1 | E3818: 119.8354 | F3818: =D3818*E3818 -> 119.8354
A3819: 842 | B3819: E12699796 | C3819: Element, filter | D3819: 3 | E3819: 97.64615 | F3819: =D3819*E3819 -> 292.93845
A3820: 842 | B3820: E4007022 | C3820: Injector | D3820: 2 | E3820: 189.8791 | F3820: =D3820*E3820 -> 379.7582
A3821: 842 | B3821: E12660586 | C3821: Injector | D3821: 1 | E3821: 1287.138 | F3821: =D3821*E3821 -> 1287.138
A3822: 842 | B3822: E12977367 | C3822: Vent Valve | D3822: 5 | E3822: 1363.037 | F3822: =D3822*E3822 -> 6815.185
A3823: 842 | B3823: E4058129 | C3823: Valve | D3823: 1 | E3823: 423.5822 | F3823: =D3823*E3823 -> 423.5822
A3824: 842 | B3824: E12979473 | C3824: Kit seal pump | D3824: 3 | E3824: 36.4702 | F3824: =D3824*E3824 -> 109.4106
A3825: 842 | B3825: E12979471 | C3825: Kit seal hyd valve lube pump | D3825: 6 | E3825: 61.49231 | F3825: =D3825*E3825 -> 368.95386
A3826: 842 | B3826: E13811534 | C3826: Lock | D3826: 6 | E3826: 0.3486 | F3826: =D3826*E3826 -> 2.0916
A3827: 842 | B3827: EHJ921260 | C3827: SCREW | D3827: 1 | E3827: 0.9545 | F3827: =D3827*E3827 -> 0.9545
... A4013: 843 | B4013: E12696031 | C4013: Display Main cab | D4013: 1 | E4013: 6724.278 | F4013: =D4013*E4013 -> 6724.278
A4014: 843 | B4014: 4656354 | C4014: Switch box display | D4014: 3 | E4014: 1168.026 | F4014: =D4014*E4014 -> 3504.078
A4015: 843 | B4015: E12978122 | C4015: Kit, seal | D4015: 1 | E4015: 119.8354 | F4015: =D4015*E4015 -> 119.8354
...

Sheet Summary Inventory
A1: Category | B1: PN | C1: Description | D1: QTY per truck | E1: QTY Required project | F1: Total Required project
A2: Kit 10 Brake Valve & Cooler mounting | B2: E12588730 | C2: Spring, extension | D2: 1 | E2: 19 | F2: =D2*E2 -> 19
A3: Kit 10 Brake Valve & Cooler mounting | B3: E12618848 | C3: Cooler assembly | D3: 1 | E3: 19 | F3: =D3*E3 -> 19
A4: Kit 10 Brake Valve & Cooler mounting | B4: E12638420 | C4: Kit seal | D4: 1 | E4: 19 | F4: =D4*E4 -> 19
A5: Kit 10 Brake Valve & Cooler mounting | B5: E13804043 | C5: . O-ring | D5: 5 | E5: 19 | F5: =D5*E5 -> 95
A6: Kit 10 Brake Valve & Cooler mounting | B6: E13804055 | C6: O-ring | D6: 5 | E6: 19 | F6: =D6*E6 -> 95
A7: Kit 10 Brake Valve & Cooler mounting | B7: E13804057 | C7: . O-ring | D7: 5 | E7: 19 | F7: =D7*E7 -> 95
A8: Kit 10 Brake Valve & Cooler mounting | B8: E13804059 | C8: . O-ring | D8: 4 | E8: 19 | F8: =D8*E8 -> 76
A9: Kit 10 Brake Valve & Cooler mounting | B9: E13805313 | C9: O-ring | D9: 4 | E9: 19 | F9: =D9*E9 -> 76
A10: Kit 10 Brake Valve & Cooler mounting | B10: E13805322 | C10: O-ring | D10: 1 | E10: 19 | F10: =D10*E10 -> 19
A11: Kit 10 Brake Valve & Cooler mounting | B11: E13807009 | C11: . O-ring | D11: 5 | E11: 19 | F11: =D11*E11 -> 95
A12: Kit 10 Brake Valve & Cooler mounting | B12: E13807010 | C12: . O-ring | D12: 5 | E12: 19 | F12: =D12*E12 -> 95
A13: Kit 10 Brake Valve & Cooler mounting | B13: E13811074 | C13: Screw | D13: 3 | E13: 19 | F13: =D13*E13 -> 57
... A202: Kits 1 A/C System | B202: E13813400 | C202: Clamp | D202: 3 | E202: 19 | F202: =D202*E202 -> 57
